 JULDAY,   TIME,   HUM1,   HUM2,   HUM3,   HUM4,   HUM5,   HUM6,   HUM7,   HUM8,   HUM9,  HUM10
 15.,   0.00,   1.00,   1.00,   1.00,   1.00,   1.00,   1.00,   1.00,   1.00,   1.00,   1.00
 15.,  60.00,   1.00,   1.00,   1.00,   1.00,   1.00,   1.00,   1.00,   1.00,   1.00,   1.00
 15., 120.00,   1.00,   1.00,   1.00,   1.00,   1.00,   1.00,   1.00,   1.00,   1.00,   1.00
 15., 180.00,   1.00,   1.00,   1.00,   1.00,   1.00,   1.00,   1.00,   1.00,   1.00,   1.00
 15., 240.00,   1.00,   1.00,   1.00,   1.00,   1.00,   1.00,   1.00,   1.00,   1.00,   1.00
 15., 300.00,   1.00,   1.00,   1.00,   1.00,   1.00,   1.00,   1.00,   1.00,   1.00,   1.00
 15., 360.00,   1.00,   1.00,   1.00,   1.00,   1.00,   1.00,   1.00,   1.00,   1.00,   1.00
 15., 420.00,   1.00,   1.00,   1.00,   1.00,   1.00,   1.00,   1.00,   1.00,   1.00,   1.00
 15., 480.00,   1.00,   1.00,   1.00,   1.00,   1.00,   1.00,   1.00,   1.00,   1.00,   1.00
 15., 540.00,   1.00,   1.00,   1.00,   1.00,   1.00,   1.00,   1.00,   1.00,   1.00,   1.00
 15., 600.00,   1.00,   1.00,   1.00,   1.00,   1.00,   1.00,   1.00,   1.00,   1.00,   1.00
 15., 660.00,   1.00,   1.00,   1.00,   1.00,   1.00,   1.00,   1.00,   1.00,   1.00,   1.00
 15., 720.00,   1.00,   1.00,   1.00,   1.00,   1.00,   1.00,   1.00,   1.00,   1.00,   1.00
 15., 780.00,   1.00,   1.00,   1.00,   1.00,   1.00,   1.00,   1.00,   1.00,   1.00,   1.00
 15., 840.00,   1.00,   1.00,   1.00,   1.00,   1.00,   1.00,   1.00,   1.00,   1.00,   1.00
 15., 900.00,   1.00,   1.00,   1.00,   1.00,   1.00,   1.00,   1.00,   1.00,   1.00,   1.00
 15., 960.00,   1.00,   1.00,   1.00,   1.00,   1.00,   1.00,   1.00,   1.00,   1.00,   1.00
 15.,1020.00,   1.00,   1.00,   1.00,   1.00,   1.00,   1.00,   1.00,   1.00,   1.00,   1.00
 15.,1080.00,   1.00,   1.00,   1.00,   1.00,   1.00,   1.00,   1.00,   1.00,   1.00,   1.00
 15.,1140.00,   1.00,   1.00,   1.00,   1.00,   1.00,   1.00,   1.00,   1.00,   1.00,   1.00
 15.,1200.00,   1.00,   1.00,   1.00,   1.00,   1.00,   1.00,   1.00,   1.00,   1.00,   1.00
 15.,1260.00,   1.00,   1.00,   1.00,   1.00,   1.00,   1.00,   1.00,   1.00,   1.00,   1.00
 15.,1320.00,   1.00,   1.00,   1.00,   1.00,   1.00,   1.00,   1.00,   1.00,   1.00,   1.00
 15.,1380.00,   1.00,   1.00,   1.00,   1.00,   1.00,   1.00,   1.00,   1.00,   1.00,   1.00
 46.,   0.00,   1.00,   1.00,   1.00,   1.00,   1.00,   1.00,   1.00,   1.00,   1.00,   1.00
 46.,  60.00,   1.00,   1.00,   1.00,   1.00,   1.00,   1.00,   1.00,   1.00,   1.00,   1.00
 46., 120.00,   1.00,   1.00,   1.00,   1.00,   1.00,   1.00,   1.00,   1.00,   1.00,   1.00
 46., 180.00,   1.00,   1.00,   1.00,   1.00,   1.00,   1.00,   1.00,   1.00,   1.00,   1.00
 46., 240.00,   1.00,   1.00,   1.00,   1.00,   1.00,   1.00,   1.00,   1.00,   1.00,   1.00
 46., 300.00,   1.00,   1.00,   1.00,   1.00,   1.00,   1.00,   1.00,   1.00,   1.00,   1.00
 46., 360.00,   1.00,   1.00,   1.00,   1.00,   1.00,   1.00,   1.00,   1.00,   1.00,   1.00
 46., 420.00,   1.00,   1.00,   1.00,   1.00,   1.00,   1.00,   1.00,   1.00,   1.00,   1.00
 46., 480.00,   1.00,   1.00,   1.00,   1.00,   1.00,   1.00,   1.00,   1.00,   1.00,   1.00
 46., 540.00,   1.00,   1.00,   1.00,   1.00,   1.00,   1.00,   1.00,   1.00,   1.00,   1.00
 46., 600.00,   1.00,   1.00,   1.00,   1.00,   1.00,   1.00,   1.00,   1.00,   1.00,   1.00
 46., 660.00,   1.00,   1.00,   1.00,   1.00,   1.00,   1.00,   1.00,   1.00,   1.00,   1.00
 46., 720.00,   1.00,   1.00,   1.00,   1.00,   1.00,   1.00,   1.00,   1.00,   1.00,   1.00
 46., 780.00,   1.00,   1.00,   1.00,   1.00,   1.00,   1.00,   1.00,   1.00,   1.00,   1.00
 46., 840.00,   1.00,   1.00,   1.00,   1.00,   1.00,   1.00,   1.00,   1.00,   1.00,   1.00
 46., 900.00,   1.00,   1.00,   1.00,   1.00,   1.00,   1.00,   1.00,   1.00,   1.00,   1.00
 46., 960.00,   1.00,   1.00,   1.00,   1.00,   1.00,   1.00,   1.00,   1.00,   1.00,   1.00
 46.,1020.00,   1.00,   1.00,   1.00,   1.00,   1.00,   1.00,   1.00,   1.00,   1.00,   1.00
 46.,1080.00,   1.00,   1.00,   1.00,   1.00,   1.00,   1.00,   1.00,   1.00,   1.00,   1.00
 46.,1140.00,   1.00,   1.00,   1.00,   1.00,   1.00,   1.00,   1.00,   1.00,   1.00,   1.00
 46.,1200.00,   1.00,   1.00,   1.00,   1.00,   1.00,   1.00,   1.00,   1.00,   1.00,   1.00
 46.,1260.00,   1.00,   1.00,   1.00,   1.00,   1.00,   1.00,   1.00,   1.00,   1.00,   1.00
 46.,1320.00,   1.00,   1.00,   1.00,   1.00,   1.00,   1.00,   1.00,   1.00,   1.00,   1.00
 46.,1380.00,   1.00,   1.00,   1.00,   1.00,   1.00,   1.00,   1.00,   1.00,   1.00,   1.00
 74.,   0.00,   1.00,   1.00,   1.00,   1.00,   1.00,   1.00,   1.00,   1.00,   1.00,   1.00
 74.,  60.00,   1.00,   1.00,   1.00,   1.00,   1.00,   1.00,   1.00,   1.00,   1.00,   1.00
 74., 120.00,   1.00,   1.00,   1.00,   1.00,   1.00,   1.00,   1.00,   1.00,   1.00,   1.00
 74., 180.00,   1.00,   1.00,   1.00,   1.00,   1.00,   1.00,   1.00,   1.00,   1.00,   1.00
 74., 240.00,   1.00,   1.00,   1.00,   1.00,   1.00,   1.00,   1.00,   1.00,   1.00,   1.00
 74., 300.00,   1.00,   1.00,   1.00,   1.00,   1.00,   1.00,   1.00,   1.00,   1.00,   1.00
 74., 360.00,   1.00,   1.00,   1.00,   1.00,   1.00,   1.00,   1.00,   1.00,   1.00,   1.00
 74., 420.00,   1.00,   1.00,   1.00,   1.00,   1.00,   1.00,   1.00,   1.00,   1.00,   1.00
 74., 480.00,   1.00,   1.00,   1.00,   1.00,   1.00,   1.00,   1.00,   1.00,   1.00,   1.00
 74., 540.00,   1.00,   1.00,   1.00,   1.00,   1.00,   1.00,   1.00,   1.00,   1.00,   1.00
 74., 600.00,   1.00,   1.00,   1.00,   1.00,   1.00,   1.00,   1.00,   1.00,   1.00,   1.00
 74., 660.00,   1.00,   1.00,   1.00,   1.00,   1.00,   1.00,   1.00,   1.00,   1.00,   1.00
 74., 720.00,   1.00,   1.00,   1.00,   1.00,   1.00,   1.00,   1.00,   1.00,   1.00,   1.00
 74., 780.00,   1.00,   1.00,   1.00,   1.00,   1.00,   1.00,   1.00,   1.00,   1.00,   1.00
 74., 840.00,   1.00,   1.00,   1.00,   1.00,   1.00,   1.00,   1.00,   1.00,   1.00,   1.00
 74., 900.00,   1.00,   1.00,   1.00,   1.00,   1.00,   1.00,   1.00,   1.00,   1.00,   1.00
 74., 960.00,   1.00,   1.00,   1.00,   1.00,   1.00,   1.00,   1.00,   1.00,   1.00,   1.00
 74.,1020.00,   1.00,   1.00,   1.00,   1.00,   1.00,   1.00,   1.00,   1.00,   1.00,   1.00
 74.,1080.00,   1.00,   1.00,   1.00,   1.00,   1.00,   1.00,   1.00,   1.00,   1.00,   1.00
 74.,1140.00,   1.00,   1.00,   1.00,   1.00,   1.00,   1.00,   1.00,   1.00,   1.00,   1.00
 74.,1200.00,   1.00,   1.00,   1.00,   1.00,   1.00,   1.00,   1.00,   1.00,   1.00,   1.00
 74.,1260.00,   1.00,   1.00,   1.00,   1.00,   1.00,   1.00,   1.00,   1.00,   1.00,   1.00
 74.,1320.00,   1.00,   1.00,   1.00,   1.00,   1.00,   1.00,   1.00,   1.00,   1.00,   1.00
 74.,1380.00,   1.00,   1.00,   1.00,   1.00,   1.00,   1.00,   1.00,   1.00,   1.00,   1.00
105.,   0.00,   1.00,   1.00,   1.00,   1.00,   1.00,   1.00,   1.00,   1.00,   1.00,   1.00
105.,  60.00,   1.00,   1.00,   1.00,   1.00,   1.00,   1.00,   1.00,   1.00,   1.00,   1.00
105., 120.00,   1.00,   1.00,   1.00,   1.00,   1.00,   1.00,   1.00,   1.00,   1.00,   1.00
105., 180.00,   1.00,   1.00,   1.00,   1.00,   1.00,   1.00,   1.00,   1.00,   1.00,   1.00
105., 240.00,   1.00,   1.00,   1.00,   1.00,   1.00,   1.00,   1.00,   1.00,   1.00,   1.00
105., 300.00,   1.00,   1.00,   1.00,   1.00,   1.00,   1.00,   1.00,   1.00,   1.00,   1.00
105., 360.00,   1.00,   1.00,   1.00,   1.00,   1.00,   1.00,   1.00,   1.00,   1.00,   1.00
105., 420.00,   1.00,   1.00,   1.00,   1.00,   1.00,   1.00,   1.00,   1.00,   1.00,   1.00
105., 480.00,   1.00,   1.00,   1.00,   1.00,   1.00,   1.00,   1.00,   1.00,   1.00,   1.00
105., 540.00,   1.00,   1.00,   1.00,   1.00,   1.00,   1.00,   1.00,   1.00,   1.00,   1.00
105., 600.00,   1.00,   1.00,   1.00,   1.00,   1.00,   1.00,   1.00,   1.00,   1.00,   1.00
105., 660.00,   1.00,   1.00,   1.00,   1.00,   1.00,   1.00,   1.00,   1.00,   1.00,   1.00
105., 720.00,   1.00,   1.00,   1.00,   1.00,   1.00,   1.00,   1.00,   1.00,   1.00,   1.00
105., 780.00,   1.00,   1.00,   1.00,   1.00,   1.00,   1.00,   1.00,   1.00,   1.00,   1.00
105., 840.00,   1.00,   1.00,   1.00,   1.00,   1.00,   1.00,   1.00,   1.00,   1.00,   1.00
105., 900.00,   1.00,   1.00,   1.00,   1.00,   1.00,   1.00,   1.00,   1.00,   1.00,   1.00
105., 960.00,   1.00,   1.00,   1.00,   1.00,   1.00,   1.00,   1.00,   1.00,   1.00,   1.00
105.,1020.00,   1.00,   1.00,   1.00,   1.00,   1.00,   1.00,   1.00,   1.00,   1.00,   1.00
105.,1080.00,   1.00,   1.00,   1.00,   1.00,   1.00,   1.00,   1.00,   1.00,   1.00,   1.00
105.,1140.00,   1.00,   1.00,   1.00,   1.00,   1.00,   1.00,   1.00,   1.00,   1.00,   1.00
105.,1200.00,   1.00,   1.00,   1.00,   1.00,   1.00,   1.00,   1.00,   1.00,   1.00,   1.00
105.,1260.00,   1.00,   1.00,   1.00,   1.00,   1.00,   1.00,   1.00,   1.00,   1.00,   1.00
105.,1320.00,   1.00,   1.00,   1.00,   1.00,   1.00,   1.00,   1.00,   1.00,   1.00,   1.00
105.,1380.00,   1.00,   1.00,   1.00,   1.00,   1.00,   1.00,   1.00,   1.00,   1.00,   1.00
135.,   0.00,   1.00,   1.00,   1.00,   1.00,   1.00,   1.00,   1.00,   1.00,   1.00,   1.00
135.,  60.00,   1.00,   1.00,   1.00,   1.00,   1.00,   1.00,   1.00,   1.00,   1.00,   1.00
135., 120.00,   1.00,   1.00,   1.00,   1.00,   1.00,   1.00,   1.00,   1.00,   1.00,   1.00
135., 180.00,   1.00,   1.00,   1.00,   1.00,   1.00,   1.00,   1.00,   1.00,   1.00,   1.00
135., 240.00,   1.00,   1.00,   1.00,   1.00,   1.00,   1.00,   1.00,   1.00,   1.00,   1.00
135., 300.00,   1.00,   1.00,   1.00,   1.00,   1.00,   1.00,   1.00,   1.00,   1.00,   1.00
135., 360.00,   1.00,   1.00,   1.00,   1.00,   1.00,   1.00,   1.00,   1.00,   1.00,   1.00
135., 420.00,   1.00,   1.00,   1.00,   1.00,   1.00,   1.00,   1.00,   1.00,   1.00,   1.00
135., 480.00,   1.00,   1.00,   1.00,   1.00,   1.00,   1.00,   1.00,   1.00,   1.00,   1.00
135., 540.00,   1.00,   1.00,   1.00,   1.00,   1.00,   1.00,   1.00,   1.00,   1.00,   1.00
135., 600.00,   1.00,   1.00,   1.00,   1.00,   1.00,   1.00,   1.00,   1.00,   1.00,   1.00
135., 660.00,   1.00,   1.00,   1.00,   1.00,   1.00,   1.00,   1.00,   1.00,   1.00,   1.00
135., 720.00,   1.00,   1.00,   1.00,   1.00,   1.00,   1.00,   1.00,   1.00,   1.00,   1.00
135., 780.00,   1.00,   1.00,   1.00,   1.00,   1.00,   1.00,   1.00,   1.00,   1.00,   1.00
135., 840.00,   1.00,   1.00,   1.00,   1.00,   1.00,   1.00,   1.00,   1.00,   1.00,   1.00
135., 900.00,   1.00,   1.00,   1.00,   1.00,   1.00,   1.00,   1.00,   1.00,   1.00,   1.00
135., 960.00,   1.00,   1.00,   1.00,   1.00,   1.00,   1.00,   1.00,   1.00,   1.00,   1.00
135.,1020.00,   1.00,   1.00,   1.00,   1.00,   1.00,   1.00,   1.00,   1.00,   1.00,   1.00
135.,1080.00,   1.00,   1.00,   1.00,   1.00,   1.00,   1.00,   1.00,   1.00,   1.00,   1.00
135.,1140.00,   1.00,   1.00,   1.00,   1.00,   1.00,   1.00,   1.00,   1.00,   1.00,   1.00
135.,1200.00,   1.00,   1.00,   1.00,   1.00,   1.00,   1.00,   1.00,   1.00,   1.00,   1.00
135.,1260.00,   1.00,   1.00,   1.00,   1.00,   1.00,   1.00,   1.00,   1.00,   1.00,   1.00
135.,1320.00,   1.00,   1.00,   1.00,   1.00,   1.00,   1.00,   1.00,   1.00,   1.00,   1.00
135.,1380.00,   1.00,   1.00,   1.00,   1.00,   1.00,   1.00,   1.00,   1.00,   1.00,   1.00
166.,   0.00,   1.00,   1.00,   1.00,   1.00,   1.00,   1.00,   1.00,   1.00,   1.00,   1.00
166.,  60.00,   1.00,   1.00,   1.00,   1.00,   1.00,   1.00,   1.00,   1.00,   1.00,   1.00
166., 120.00,   1.00,   1.00,   1.00,   1.00,   1.00,   1.00,   1.00,   1.00,   1.00,   1.00
166., 180.00,   1.00,   1.00,   1.00,   1.00,   1.00,   1.00,   1.00,   1.00,   1.00,   1.00
166., 240.00,   1.00,   1.00,   1.00,   1.00,   1.00,   1.00,   1.00,   1.00,   1.00,   1.00
166., 300.00,   1.00,   1.00,   1.00,   1.00,   1.00,   1.00,   1.00,   1.00,   1.00,   1.00
166., 360.00,   1.00,   1.00,   1.00,   1.00,   1.00,   1.00,   1.00,   1.00,   1.00,   1.00
166., 420.00,   1.00,   1.00,   1.00,   1.00,   1.00,   1.00,   1.00,   1.00,   1.00,   1.00
166., 480.00,   1.00,   1.00,   1.00,   1.00,   1.00,   1.00,   1.00,   1.00,   1.00,   1.00
166., 540.00,   1.00,   1.00,   1.00,   1.00,   1.00,   1.00,   1.00,   1.00,   1.00,   1.00
166., 600.00,   1.00,   1.00,   1.00,   1.00,   1.00,   1.00,   1.00,   1.00,   1.00,   1.00
166., 660.00,   1.00,   1.00,   1.00,   1.00,   1.00,   1.00,   1.00,   1.00,   1.00,   1.00
166., 720.00,   1.00,   1.00,   1.00,   1.00,   1.00,   1.00,   1.00,   1.00,   1.00,   1.00
166., 780.00,   1.00,   1.00,   1.00,   1.00,   1.00,   1.00,   1.00,   1.00,   1.00,   1.00
166., 840.00,   1.00,   1.00,   1.00,   1.00,   1.00,   1.00,   1.00,   1.00,   1.00,   1.00
166., 900.00,   1.00,   1.00,   1.00,   1.00,   1.00,   1.00,   1.00,   1.00,   1.00,   1.00
166., 960.00,   1.00,   1.00,   1.00,   1.00,   1.00,   1.00,   1.00,   1.00,   1.00,   1.00
166.,1020.00,   1.00,   1.00,   1.00,   1.00,   1.00,   1.00,   1.00,   1.00,   1.00,   1.00
166.,1080.00,   1.00,   1.00,   1.00,   1.00,   1.00,   1.00,   1.00,   1.00,   1.00,   1.00
166.,1140.00,   1.00,   1.00,   1.00,   1.00,   1.00,   1.00,   1.00,   1.00,   1.00,   1.00
166.,1200.00,   1.00,   1.00,   1.00,   1.00,   1.00,   1.00,   1.00,   1.00,   1.00,   1.00
166.,1260.00,   1.00,   1.00,   1.00,   1.00,   1.00,   1.00,   1.00,   1.00,   1.00,   1.00
166.,1320.00,   1.00,   1.00,   1.00,   1.00,   1.00,   1.00,   1.00,   1.00,   1.00,   1.00
166.,1380.00,   1.00,   1.00,   1.00,   1.00,   1.00,   1.00,   1.00,   1.00,   1.00,   1.00
196.,   0.00,   1.00,   1.00,   1.00,   1.00,   1.00,   1.00,   1.00,   1.00,   1.00,   1.00
196.,  60.00,   1.00,   1.00,   1.00,   1.00,   1.00,   1.00,   1.00,   1.00,   1.00,   1.00
196., 120.00,   1.00,   1.00,   1.00,   1.00,   1.00,   1.00,   1.00,   1.00,   1.00,   1.00
196., 180.00,   1.00,   1.00,   1.00,   1.00,   1.00,   1.00,   1.00,   1.00,   1.00,   1.00
196., 240.00,   1.00,   1.00,   1.00,   1.00,   1.00,   1.00,   1.00,   1.00,   1.00,   1.00
196., 300.00,   1.00,   1.00,   1.00,   1.00,   1.00,   1.00,   1.00,   1.00,   1.00,   1.00
196., 360.00,   1.00,   1.00,   1.00,   1.00,   1.00,   1.00,   1.00,   1.00,   1.00,   1.00
196., 420.00,   1.00,   1.00,   1.00,   1.00,   1.00,   1.00,   1.00,   1.00,   1.00,   1.00
196., 480.00,   1.00,   1.00,   1.00,   1.00,   1.00,   1.00,   1.00,   1.00,   1.00,   1.00
196., 540.00,   1.00,   1.00,   1.00,   1.00,   1.00,   1.00,   1.00,   1.00,   1.00,   1.00
196., 600.00,   1.00,   1.00,   1.00,   1.00,   1.00,   1.00,   1.00,   1.00,   1.00,   1.00
196., 660.00,   1.00,   1.00,   1.00,   1.00,   1.00,   1.00,   1.00,   1.00,   1.00,   1.00
196., 720.00,   1.00,   1.00,   1.00,   1.00,   1.00,   1.00,   1.00,   1.00,   1.00,   1.00
196., 780.00,   1.00,   1.00,   1.00,   1.00,   1.00,   1.00,   1.00,   1.00,   1.00,   1.00
196., 840.00,   1.00,   1.00,   1.00,   1.00,   1.00,   1.00,   1.00,   1.00,   1.00,   1.00
196., 900.00,   1.00,   1.00,   1.00,   1.00,   1.00,   1.00,   1.00,   1.00,   1.00,   1.00
196., 960.00,   1.00,   1.00,   1.00,   1.00,   1.00,   1.00,   1.00,   1.00,   1.00,   1.00
196.,1020.00,   0.99,   1.00,   1.00,   1.00,   1.00,   1.00,   1.00,   1.00,   1.00,   1.00
196.,1080.00,   0.99,   1.00,   1.00,   1.00,   1.00,   1.00,   1.00,   1.00,   1.00,   1.00
196.,1140.00,   1.00,   1.00,   1.00,   1.00,   1.00,   1.00,   1.00,   1.00,   1.00,   1.00
196.,1200.00,   1.00,   1.00,   1.00,   1.00,   1.00,   1.00,   1.00,   1.00,   1.00,   1.00
196.,1260.00,   1.00,   1.00,   1.00,   1.00,   1.00,   1.00,   1.00,   1.00,   1.00,   1.00
196.,1320.00,   1.00,   1.00,   1.00,   1.00,   1.00,   1.00,   1.00,   1.00,   1.00,   1.00
196.,1380.00,   1.00,   1.00,   1.00,   1.00,   1.00,   1.00,   1.00,   1.00,   1.00,   1.00
227.,   0.00,   1.00,   1.00,   1.00,   1.00,   1.00,   1.00,   1.00,   1.00,   1.00,   1.00
227.,  60.00,   1.00,   1.00,   1.00,   1.00,   1.00,   1.00,   1.00,   1.00,   1.00,   1.00
227., 120.00,   1.00,   1.00,   1.00,   1.00,   1.00,   1.00,   1.00,   1.00,   1.00,   1.00
227., 180.00,   1.00,   1.00,   1.00,   1.00,   1.00,   1.00,   1.00,   1.00,   1.00,   1.00
227., 240.00,   1.00,   1.00,   1.00,   1.00,   1.00,   1.00,   1.00,   1.00,   1.00,   1.00
227., 300.00,   1.00,   1.00,   1.00,   1.00,   1.00,   1.00,   1.00,   1.00,   1.00,   1.00
227., 360.00,   1.00,   1.00,   1.00,   1.00,   1.00,   1.00,   1.00,   1.00,   1.00,   1.00
227., 420.00,   1.00,   1.00,   1.00,   1.00,   1.00,   1.00,   1.00,   1.00,   1.00,   1.00
227., 480.00,   1.00,   1.00,   1.00,   1.00,   1.00,   1.00,   1.00,   1.00,   1.00,   1.00
227., 540.00,   1.00,   1.00,   1.00,   1.00,   1.00,   1.00,   1.00,   1.00,   1.00,   1.00
227., 600.00,   1.00,   1.00,   1.00,   1.00,   1.00,   1.00,   1.00,   1.00,   1.00,   1.00
227., 660.00,   1.00,   1.00,   1.00,   1.00,   1.00,   1.00,   1.00,   1.00,   1.00,   1.00
227., 720.00,   1.00,   1.00,   1.00,   1.00,   1.00,   1.00,   1.00,   1.00,   1.00,   1.00
227., 780.00,   1.00,   1.00,   1.00,   1.00,   1.00,   1.00,   1.00,   1.00,   1.00,   1.00
227., 840.00,   1.00,   1.00,   1.00,   1.00,   1.00,   1.00,   1.00,   1.00,   1.00,   1.00
227., 900.00,   1.00,   1.00,   1.00,   1.00,   1.00,   1.00,   1.00,   1.00,   1.00,   1.00
227., 960.00,   1.00,   1.00,   1.00,   1.00,   1.00,   1.00,   1.00,   1.00,   1.00,   1.00
227.,1020.00,   1.00,   1.00,   1.00,   1.00,   1.00,   1.00,   1.00,   1.00,   1.00,   1.00
227.,1080.00,   1.00,   1.00,   1.00,   1.00,   1.00,   1.00,   1.00,   1.00,   1.00,   1.00
227.,1140.00,   1.00,   1.00,   1.00,   1.00,   1.00,   1.00,   1.00,   1.00,   1.00,   1.00
227.,1200.00,   1.00,   1.00,   1.00,   1.00,   1.00,   1.00,   1.00,   1.00,   1.00,   1.00
227.,1260.00,   1.00,   1.00,   1.00,   1.00,   1.00,   1.00,   1.00,   1.00,   1.00,   1.00
227.,1320.00,   1.00,   1.00,   1.00,   1.00,   1.00,   1.00,   1.00,   1.00,   1.00,   1.00
227.,1380.00,   1.00,   1.00,   1.00,   1.00,   1.00,   1.00,   1.00,   1.00,   1.00,   1.00
258.,   0.00,   1.00,   1.00,   1.00,   1.00,   1.00,   1.00,   1.00,   1.00,   1.00,   1.00
258.,  60.00,   1.00,   1.00,   1.00,   1.00,   1.00,   1.00,   1.00,   1.00,   1.00,   1.00
258., 120.00,   1.00,   1.00,   1.00,   1.00,   1.00,   1.00,   1.00,   1.00,   1.00,   1.00
258., 180.00,   1.00,   1.00,   1.00,   1.00,   1.00,   1.00,   1.00,   1.00,   1.00,   1.00
258., 240.00,   1.00,   1.00,   1.00,   1.00,   1.00,   1.00,   1.00,   1.00,   1.00,   1.00
258., 300.00,   1.00,   1.00,   1.00,   1.00,   1.00,   1.00,   1.00,   1.00,   1.00,   1.00
258., 360.00,   1.00,   1.00,   1.00,   1.00,   1.00,   1.00,   1.00,   1.00,   1.00,   1.00
258., 420.00,   1.00,   1.00,   1.00,   1.00,   1.00,   1.00,   1.00,   1.00,   1.00,   1.00
258., 480.00,   1.00,   1.00,   1.00,   1.00,   1.00,   1.00,   1.00,   1.00,   1.00,   1.00
258., 540.00,   1.00,   1.00,   1.00,   1.00,   1.00,   1.00,   1.00,   1.00,   1.00,   1.00
258., 600.00,   1.00,   1.00,   1.00,   1.00,   1.00,   1.00,   1.00,   1.00,   1.00,   1.00
258., 660.00,   1.00,   1.00,   1.00,   1.00,   1.00,   1.00,   1.00,   1.00,   1.00,   1.00
258., 720.00,   1.00,   1.00,   1.00,   1.00,   1.00,   1.00,   1.00,   1.00,   1.00,   1.00
258., 780.00,   1.00,   1.00,   1.00,   1.00,   1.00,   1.00,   1.00,   1.00,   1.00,   1.00
258., 840.00,   1.00,   1.00,   1.00,   1.00,   1.00,   1.00,   1.00,   1.00,   1.00,   1.00
258., 900.00,   1.00,   1.00,   1.00,   1.00,   1.00,   1.00,   1.00,   1.00,   1.00,   1.00
258., 960.00,   1.00,   1.00,   1.00,   1.00,   1.00,   1.00,   1.00,   1.00,   1.00,   1.00
258.,1020.00,   1.00,   1.00,   1.00,   1.00,   1.00,   1.00,   1.00,   1.00,   1.00,   1.00
258.,1080.00,   1.00,   1.00,   1.00,   1.00,   1.00,   1.00,   1.00,   1.00,   1.00,   1.00
258.,1140.00,   1.00,   1.00,   1.00,   1.00,   1.00,   1.00,   1.00,   1.00,   1.00,   1.00
258.,1200.00,   1.00,   1.00,   1.00,   1.00,   1.00,   1.00,   1.00,   1.00,   1.00,   1.00
258.,1260.00,   1.00,   1.00,   1.00,   1.00,   1.00,   1.00,   1.00,   1.00,   1.00,   1.00
258.,1320.00,   1.00,   1.00,   1.00,   1.00,   1.00,   1.00,   1.00,   1.00,   1.00,   1.00
258.,1380.00,   1.00,   1.00,   1.00,   1.00,   1.00,   1.00,   1.00,   1.00,   1.00,   1.00
288.,   0.00,   1.00,   1.00,   1.00,   1.00,   1.00,   1.00,   1.00,   1.00,   1.00,   1.00
288.,  60.00,   1.00,   1.00,   1.00,   1.00,   1.00,   1.00,   1.00,   1.00,   1.00,   1.00
288., 120.00,   1.00,   1.00,   1.00,   1.00,   1.00,   1.00,   1.00,   1.00,   1.00,   1.00
288., 180.00,   1.00,   1.00,   1.00,   1.00,   1.00,   1.00,   1.00,   1.00,   1.00,   1.00
288., 240.00,   1.00,   1.00,   1.00,   1.00,   1.00,   1.00,   1.00,   1.00,   1.00,   1.00
288., 300.00,   1.00,   1.00,   1.00,   1.00,   1.00,   1.00,   1.00,   1.00,   1.00,   1.00
288., 360.00,   1.00,   1.00,   1.00,   1.00,   1.00,   1.00,   1.00,   1.00,   1.00,   1.00
288., 420.00,   1.00,   1.00,   1.00,   1.00,   1.00,   1.00,   1.00,   1.00,   1.00,   1.00
288., 480.00,   1.00,   1.00,   1.00,   1.00,   1.00,   1.00,   1.00,   1.00,   1.00,   1.00
288., 540.00,   1.00,   1.00,   1.00,   1.00,   1.00,   1.00,   1.00,   1.00,   1.00,   1.00
288., 600.00,   1.00,   1.00,   1.00,   1.00,   1.00,   1.00,   1.00,   1.00,   1.00,   1.00
288., 660.00,   1.00,   1.00,   1.00,   1.00,   1.00,   1.00,   1.00,   1.00,   1.00,   1.00
288., 720.00,   1.00,   1.00,   1.00,   1.00,   1.00,   1.00,   1.00,   1.00,   1.00,   1.00
288., 780.00,   1.00,   1.00,   1.00,   1.00,   1.00,   1.00,   1.00,   1.00,   1.00,   1.00
288., 840.00,   1.00,   1.00,   1.00,   1.00,   1.00,   1.00,   1.00,   1.00,   1.00,   1.00
288., 900.00,   1.00,   1.00,   1.00,   1.00,   1.00,   1.00,   1.00,   1.00,   1.00,   1.00
288., 960.00,   1.00,   1.00,   1.00,   1.00,   1.00,   1.00,   1.00,   1.00,   1.00,   1.00
288.,1020.00,   1.00,   1.00,   1.00,   1.00,   1.00,   1.00,   1.00,   1.00,   1.00,   1.00
288.,1080.00,   1.00,   1.00,   1.00,   1.00,   1.00,   1.00,   1.00,   1.00,   1.00,   1.00
288.,1140.00,   1.00,   1.00,   1.00,   1.00,   1.00,   1.00,   1.00,   1.00,   1.00,   1.00
288.,1200.00,   1.00,   1.00,   1.00,   1.00,   1.00,   1.00,   1.00,   1.00,   1.00,   1.00
288.,1260.00,   1.00,   1.00,   1.00,   1.00,   1.00,   1.00,   1.00,   1.00,   1.00,   1.00
288.,1320.00,   1.00,   1.00,   1.00,   1.00,   1.00,   1.00,   1.00,   1.00,   1.00,   1.00
288.,1380.00,   1.00,   1.00,   1.00,   1.00,   1.00,   1.00,   1.00,   1.00,   1.00,   1.00
319.,   0.00,   1.00,   1.00,   1.00,   1.00,   1.00,   1.00,   1.00,   1.00,   1.00,   1.00
319.,  60.00,   1.00,   1.00,   1.00,   1.00,   1.00,   1.00,   1.00,   1.00,   1.00,   1.00
319., 120.00,   1.00,   1.00,   1.00,   1.00,   1.00,   1.00,   1.00,   1.00,   1.00,   1.00
319., 180.00,   1.00,   1.00,   1.00,   1.00,   1.00,   1.00,   1.00,   1.00,   1.00,   1.00
319., 240.00,   1.00,   1.00,   1.00,   1.00,   1.00,   1.00,   1.00,   1.00,   1.00,   1.00
319., 300.00,   1.00,   1.00,   1.00,   1.00,   1.00,   1.00,   1.00,   1.00,   1.00,   1.00
319., 360.00,   1.00,   1.00,   1.00,   1.00,   1.00,   1.00,   1.00,   1.00,   1.00,   1.00
319., 420.00,   1.00,   1.00,   1.00,   1.00,   1.00,   1.00,   1.00,   1.00,   1.00,   1.00
319., 480.00,   1.00,   1.00,   1.00,   1.00,   1.00,   1.00,   1.00,   1.00,   1.00,   1.00
319., 540.00,   1.00,   1.00,   1.00,   1.00,   1.00,   1.00,   1.00,   1.00,   1.00,   1.00
319., 600.00,   1.00,   1.00,   1.00,   1.00,   1.00,   1.00,   1.00,   1.00,   1.00,   1.00
319., 660.00,   1.00,   1.00,   1.00,   1.00,   1.00,   1.00,   1.00,   1.00,   1.00,   1.00
319., 720.00,   1.00,   1.00,   1.00,   1.00,   1.00,   1.00,   1.00,   1.00,   1.00,   1.00
319., 780.00,   1.00,   1.00,   1.00,   1.00,   1.00,   1.00,   1.00,   1.00,   1.00,   1.00
319., 840.00,   1.00,   1.00,   1.00,   1.00,   1.00,   1.00,   1.00,   1.00,   1.00,   1.00
319., 900.00,   1.00,   1.00,   1.00,   1.00,   1.00,   1.00,   1.00,   1.00,   1.00,   1.00
319., 960.00,   1.00,   1.00,   1.00,   1.00,   1.00,   1.00,   1.00,   1.00,   1.00,   1.00
319.,1020.00,   1.00,   1.00,   1.00,   1.00,   1.00,   1.00,   1.00,   1.00,   1.00,   1.00
319.,1080.00,   1.00,   1.00,   1.00,   1.00,   1.00,   1.00,   1.00,   1.00,   1.00,   1.00
319.,1140.00,   1.00,   1.00,   1.00,   1.00,   1.00,   1.00,   1.00,   1.00,   1.00,   1.00
319.,1200.00,   1.00,   1.00,   1.00,   1.00,   1.00,   1.00,   1.00,   1.00,   1.00,   1.00
319.,1260.00,   1.00,   1.00,   1.00,   1.00,   1.00,   1.00,   1.00,   1.00,   1.00,   1.00
319.,1320.00,   1.00,   1.00,   1.00,   1.00,   1.00,   1.00,   1.00,   1.00,   1.00,   1.00
319.,1380.00,   1.00,   1.00,   1.00,   1.00,   1.00,   1.00,   1.00,   1.00,   1.00,   1.00
349.,   0.00,   1.00,   1.00,   1.00,   1.00,   1.00,   1.00,   1.00,   1.00,   1.00,   1.00
349.,  60.00,   1.00,   1.00,   1.00,   1.00,   1.00,   1.00,   1.00,   1.00,   1.00,   1.00
349., 120.00,   1.00,   1.00,   1.00,   1.00,   1.00,   1.00,   1.00,   1.00,   1.00,   1.00
349., 180.00,   1.00,   1.00,   1.00,   1.00,   1.00,   1.00,   1.00,   1.00,   1.00,   1.00
349., 240.00,   1.00,   1.00,   1.00,   1.00,   1.00,   1.00,   1.00,   1.00,   1.00,   1.00
349., 300.00,   1.00,   1.00,   1.00,   1.00,   1.00,   1.00,   1.00,   1.00,   1.00,   1.00
349., 360.00,   1.00,   1.00,   1.00,   1.00,   1.00,   1.00,   1.00,   1.00,   1.00,   1.00
349., 420.00,   1.00,   1.00,   1.00,   1.00,   1.00,   1.00,   1.00,   1.00,   1.00,   1.00
349., 480.00,   1.00,   1.00,   1.00,   1.00,   1.00,   1.00,   1.00,   1.00,   1.00,   1.00
349., 540.00,   1.00,   1.00,   1.00,   1.00,   1.00,   1.00,   1.00,   1.00,   1.00,   1.00
349., 600.00,   1.00,   1.00,   1.00,   1.00,   1.00,   1.00,   1.00,   1.00,   1.00,   1.00
349., 660.00,   1.00,   1.00,   1.00,   1.00,   1.00,   1.00,   1.00,   1.00,   1.00,   1.00
349., 720.00,   1.00,   1.00,   1.00,   1.00,   1.00,   1.00,   1.00,   1.00,   1.00,   1.00
349., 780.00,   1.00,   1.00,   1.00,   1.00,   1.00,   1.00,   1.00,   1.00,   1.00,   1.00
349., 840.00,   1.00,   1.00,   1.00,   1.00,   1.00,   1.00,   1.00,   1.00,   1.00,   1.00
349., 900.00,   1.00,   1.00,   1.00,   1.00,   1.00,   1.00,   1.00,   1.00,   1.00,   1.00
349., 960.00,   1.00,   1.00,   1.00,   1.00,   1.00,   1.00,   1.00,   1.00,   1.00,   1.00
349.,1020.00,   1.00,   1.00,   1.00,   1.00,   1.00,   1.00,   1.00,   1.00,   1.00,   1.00
349.,1080.00,   1.00,   1.00,   1.00,   1.00,   1.00,   1.00,   1.00,   1.00,   1.00,   1.00
349.,1140.00,   1.00,   1.00,   1.00,   1.00,   1.00,   1.00,   1.00,   1.00,   1.00,   1.00
349.,1200.00,   1.00,   1.00,   1.00,   1.00,   1.00,   1.00,   1.00,   1.00,   1.00,   1.00
349.,1260.00,   1.00,   1.00,   1.00,   1.00,   1.00,   1.00,   1.00,   1.00,   1.00,   1.00
349.,1320.00,   1.00,   1.00,   1.00,   1.00,   1.00,   1.00,   1.00,   1.00,   1.00,   1.00
349.,1380.00,   1.00,   1.00,   1.00,   1.00,   1.00,   1.00,   1.00,   1.00,   1.00,   1.00
