 JULDAY,   TIME,  TRANS,LEAFPOT, RTPOT1, RTPOT2, RTPOT3, RTPOT4, RTPOT5, RTPOT6, RTPOT7, RTPOT8, RTPOT9,RTPOT10
 15.,      0.00,      1.76,    -68.48,     -7.34,    -32.57,   -225.70,    -65.19,    -25.35,    -11.10,    -10.22,    -10.22,    -10.21,      0.00
 15.,     60.00,      1.08,    -67.11,    -11.65,    -21.24,   -217.06,    -66.15,    -26.19,    -11.73,    -10.24,    -10.22,    -10.21,      0.00
 15.,    120.00,      0.63,    -59.56,    -14.54,    -23.91,   -207.31,    -66.45,    -26.35,    -12.20,    -10.26,    -10.22,    -10.21,      0.00
 15.,    180.00,      0.29,    -55.01,    -16.92,    -26.77,   -195.26,    -66.19,    -26.19,    -12.57,    -10.29,    -10.23,    -10.21,      0.00
 15.,    240.00,      0.05,    -52.03,    -19.01,    -28.94,   -181.12,    -65.51,    -25.92,    -12.87,    -10.33,    -10.23,    -10.21,      0.00
 15.,    300.00,      0.03,    -49.79,    -20.90,    -30.46,   -166.06,    -64.51,    -25.64,    -13.12,    -10.38,    -10.24,    -10.21,      0.00
 15.,    360.00,      0.03,    -47.79,    -22.60,    -31.53,   -151.20,    -63.27,    -25.37,    -13.35,    -10.42,    -10.24,    -10.21,      0.00
 15.,    420.00,      0.03,    -45.95,    -24.12,    -32.37,   -137.45,    -61.87,    -25.13,    -13.56,    -10.48,    -10.24,    -10.21,      0.00
 15.,    480.00,      0.03,    -44.26,    -25.49,    -33.11,   -125.24,    -60.37,    -24.93,    -13.74,    -10.53,    -10.25,    -10.21,      0.00
 15.,    540.00,      1.04,    -43.67,    -27.10,    -33.84,   -114.87,    -58.86,    -24.76,    -13.92,    -10.59,    -10.25,    -10.21,      0.00
 15.,    600.00,      5.42,    -46.34,    -30.44,    -34.70,   -106.52,    -57.49,    -24.65,    -14.09,    -10.66,    -10.26,    -10.21,      0.00
 15.,    660.00,     10.89,    -50.22,    -36.56,    -35.82,    -99.48,    -56.18,    -24.58,    -14.26,    -10.73,    -10.28,    -10.21,      0.00
 15.,    720.00,     14.44,    -52.54,    -45.73,    -37.19,    -93.26,    -54.84,    -24.51,    -14.42,    -10.80,    -10.29,    -10.21,      0.00
 15.,    780.00,     14.13,    -51.49,    -56.17,    -38.72,    -87.65,    -53.42,    -24.44,    -14.55,    -10.86,    -10.29,    -10.21,      0.00
 15.,    840.00,     12.51,    -49.36,    -66.65,    -40.32,    -82.85,    -52.03,    -24.37,    -14.68,    -10.91,    -10.29,    -10.21,      0.00
 15.,    900.00,      9.76,    -46.30,    -74.91,    -41.90,    -78.76,    -50.67,    -24.31,    -14.79,    -10.97,    -10.29,    -10.21,      0.00
 15.,    960.00,      6.65,    -42.98,    -79.19,    -43.40,    -75.29,    -49.37,    -24.24,    -14.90,    -11.01,    -10.29,    -10.21,      0.00
 15.,   1020.00,      4.42,    -40.51,    -80.33,    -44.82,    -72.41,    -48.17,    -24.19,    -15.01,    -11.06,    -10.29,    -10.21,      0.00
 15.,   1080.00,      3.40,    -39.20,    -80.29,    -46.15,    -70.01,    -47.07,    -24.16,    -15.11,    -11.12,    -10.30,    -10.21,      0.00
 15.,   1140.00,      2.86,    -38.35,    -79.85,    -47.37,    -67.95,    -46.04,    -24.13,    -15.21,    -11.17,    -10.30,    -10.21,      0.00
 15.,   1200.00,      2.43,    -37.64,    -79.15,    -48.47,    -66.16,    -45.07,    -24.10,    -15.31,    -11.23,    -10.31,    -10.21,      0.00
 15.,   1260.00,      2.10,    -37.04,    -78.30,    -49.47,    -64.57,    -44.15,    -24.08,    -15.41,    -11.28,    -10.31,    -10.21,      0.00
 15.,   1320.00,      1.67,    -36.37,    -77.11,    -50.34,    -63.13,    -43.29,    -24.06,    -15.50,    -11.33,    -10.32,    -10.21,      0.00
 15.,   1380.00,      1.51,    -35.97,    -76.02,    -51.12,    -61.84,    -42.48,    -24.04,    -15.59,    -11.39,    -10.32,    -10.21,      0.00
 46.,      0.00,      2.65,    -27.49,     -5.79,     -8.66,    -54.05,    -40.97,    -24.00,    -15.76,    -11.49,    -10.34,    -10.21,      0.00
 46.,     60.00,      1.58,    -24.27,     -8.37,    -10.11,    -36.02,    -40.16,    -23.95,    -15.83,    -11.54,    -10.34,    -10.21,      0.00
 46.,    120.00,      0.97,    -22.43,     -9.93,    -11.32,    -26.72,    -39.26,    -23.90,    -15.90,    -11.59,    -10.34,    -10.21,      0.00
 46.,    180.00,      0.52,    -21.18,    -11.09,    -12.36,    -22.81,    -38.14,    -23.85,    -15.97,    -11.63,    -10.35,    -10.21,      0.00
 46.,    240.00,      0.19,    -20.26,    -12.04,    -13.22,    -21.15,    -36.76,    -23.79,    -16.03,    -11.68,    -10.35,    -10.21,      0.00
 46.,    300.00,      0.03,    -19.65,    -12.84,    -13.94,    -20.43,    -35.15,    -23.72,    -16.09,    -11.72,    -10.36,    -10.22,      0.00
 46.,    360.00,      0.03,    -19.29,    -13.55,    -14.56,    -20.10,    -33.43,    -23.64,    -16.15,    -11.77,    -10.36,    -10.22,      0.00
 46.,    420.00,      0.03,    -19.01,    -14.18,    -15.10,    -19.94,    -31.72,    -23.54,    -16.21,    -11.81,    -10.37,    -10.22,      0.00
 46.,    480.00,      1.08,    -19.75,    -14.89,    -15.60,    -19.86,    -30.13,    -23.42,    -16.27,    -11.86,    -10.38,    -10.22,      0.00
 46.,    540.00,      4.72,    -22.91,    -16.10,    -16.14,    -19.84,    -28.73,    -23.29,    -16.34,    -11.92,    -10.39,    -10.22,      0.00
 46.,    600.00,     10.07,    -27.70,    -18.12,    -16.79,    -19.88,    -27.53,    -23.15,    -16.41,    -11.98,    -10.41,    -10.22,      0.00
 46.,    660.00,     16.12,    -33.22,    -21.37,    -17.61,    -20.00,    -26.52,    -23.00,    -16.49,    -12.05,    -10.43,    -10.22,      0.00
 46.,    720.00,     20.65,    -37.42,    -26.06,    -18.59,    -20.19,    -25.69,    -22.82,    -16.56,    -12.11,    -10.44,    -10.22,      0.00
 46.,    780.00,     20.31,    -37.23,    -31.00,    -19.66,    -20.44,    -24.98,    -22.61,    -16.60,    -12.15,    -10.45,    -10.22,      0.00
 46.,    840.00,     17.91,    -35.18,    -35.35,    -20.72,    -20.74,    -24.39,    -22.38,    -16.63,    -12.19,    -10.45,    -10.22,      0.00
 46.,    900.00,     14.45,    -32.18,    -38.23,    -21.73,    -21.07,    -23.90,    -22.14,    -16.65,    -12.21,    -10.46,    -10.22,      0.00
 46.,    960.00,     10.25,    -28.48,    -38.92,    -22.64,    -21.40,    -23.50,    -21.89,    -16.66,    -12.24,    -10.46,    -10.22,      0.00
 46.,   1020.00,      6.51,    -25.20,    -37.80,    -23.42,    -21.73,    -23.18,    -21.66,    -16.67,    -12.26,    -10.46,    -10.22,      0.00
 46.,   1080.00,      4.58,    -23.54,    -36.26,    -24.06,    -22.05,    -22.92,    -21.45,    -16.68,    -12.29,    -10.46,    -10.22,      0.00
 46.,   1140.00,      3.74,    -22.85,    -34.95,    -24.58,    -22.34,    -22.72,    -21.25,    -16.69,    -12.32,    -10.47,    -10.22,      0.00
 46.,   1200.00,      3.18,    -22.41,    -33.89,    -25.00,    -22.60,    -22.56,    -21.07,    -16.70,    -12.36,    -10.48,    -10.22,      0.00
 46.,   1260.00,      2.80,    -22.11,    -33.04,    -25.32,    -22.84,    -22.43,    -20.90,    -16.70,    -12.39,    -10.48,    -10.22,      0.00
 46.,   1320.00,      2.21,    -21.61,    -32.22,    -25.57,    -23.04,    -22.33,    -20.75,    -16.71,    -12.43,    -10.49,    -10.22,      0.00
 46.,   1380.00,      2.11,    -21.55,    -31.63,    -25.75,    -23.22,    -22.24,    -20.61,    -16.71,    -12.46,    -10.50,    -10.22,      0.00
 74.,      0.00,      3.46,    -18.81,     -5.98,     -7.79,    -19.59,    -22.08,    -20.38,    -16.72,    -12.54,    -10.52,    -10.22,      0.00
 74.,     60.00,      1.97,    -16.85,     -7.92,     -8.79,    -14.77,    -21.70,    -20.25,    -16.70,    -12.56,    -10.53,    -10.22,      0.00
 74.,    120.00,      1.21,    -15.86,     -9.04,     -9.62,    -13.34,    -20.83,    -20.13,    -16.69,    -12.59,    -10.53,    -10.23,      0.00
 74.,    180.00,      0.67,    -15.18,     -9.83,    -10.26,    -12.98,    -19.71,    -19.96,    -16.68,    -12.62,    -10.54,    -10.23,      0.00
 74.,    240.00,      0.28,    -14.69,    -10.43,    -10.77,    -12.92,    -18.65,    -19.74,    -16.67,    -12.65,    -10.55,    -10.23,      0.00
 74.,    300.00,      0.03,    -14.37,    -10.91,    -11.20,    -12.97,    -17.80,    -19.46,    -16.66,    -12.68,    -10.56,    -10.23,      0.00
 74.,    360.00,      0.03,    -14.29,    -11.33,    -11.55,    -13.06,    -17.16,    -19.13,    -16.64,    -12.71,    -10.57,    -10.23,      0.00
 74.,    420.00,      0.38,    -14.57,    -11.73,    -11.87,    -13.17,    -16.68,    -18.79,    -16.62,    -12.74,    -10.58,    -10.23,      0.00
 74.,    480.00,      3.75,    -17.61,    -12.44,    -12.21,    -13.29,    -16.32,    -18.45,    -16.60,    -12.78,    -10.59,    -10.23,      0.00
 74.,    540.00,      9.20,    -22.60,    -13.63,    -12.65,    -13.44,    -16.07,    -18.14,    -16.59,    -12.83,    -10.61,    -10.23,      0.00
 74.,    600.00,     15.90,    -28.78,    -15.56,    -13.23,    -13.64,    -15.89,    -17.86,    -16.58,    -12.89,    -10.63,    -10.23,      0.00
 74.,    660.00,     23.34,    -35.70,    -18.73,    -13.98,    -13.91,    -15.78,    -17.61,    -16.57,    -12.96,    -10.66,    -10.23,      0.00
 74.,    720.00,     27.83,    -39.99,    -23.15,    -14.88,    -14.24,    -15.72,    -17.39,    -16.54,    -13.00,    -10.68,    -10.23,      0.00
 74.,    780.00,     27.09,    -39.53,    -27.85,    -15.84,    -14.63,    -15.70,    -17.18,    -16.48,    -13.03,    -10.69,    -10.23,      0.00
 74.,    840.00,     24.10,    -37.03,    -32.05,    -16.78,    -15.04,    -15.72,    -17.00,    -16.41,    -13.04,    -10.69,    -10.23,      0.00
 74.,    900.00,     20.15,    -33.66,    -34.99,    -17.67,    -15.46,    -15.78,    -16.85,    -16.33,    -13.04,    -10.69,    -10.23,      0.00
 74.,    960.00,     15.06,    -29.24,    -35.72,    -18.46,    -15.88,    -15.86,    -16.71,    -16.24,    -13.04,    -10.70,    -10.23,      0.00
 74.,   1020.00,      9.93,    -24.74,    -34.26,    -19.14,    -16.27,    -15.95,    -16.60,    -16.15,    -13.04,    -10.70,    -10.23,      0.00
 74.,   1080.00,      6.21,    -21.50,    -31.85,    -19.67,    -16.64,    -16.05,    -16.52,    -16.07,    -13.04,    -10.70,    -10.23,      0.00
 74.,   1140.00,      4.57,    -20.14,    -29.75,    -20.07,    -16.98,    -16.17,    -16.45,    -16.00,    -13.06,    -10.71,    -10.24,      0.00
 74.,   1200.00,      3.80,    -19.54,    -28.17,    -20.35,    -17.29,    -16.29,    -16.41,    -15.94,    -13.07,    -10.71,    -10.24,      0.00
 74.,   1260.00,      3.24,    -19.10,    -26.97,    -20.54,    -17.56,    -16.41,    -16.38,    -15.88,    -13.09,    -10.72,    -10.24,      0.00
 74.,   1320.00,      2.80,    -18.77,    -26.04,    -20.66,    -17.80,    -16.53,    -16.36,    -15.82,    -13.10,    -10.73,    -10.24,      0.00
 74.,   1380.00,      2.30,    -18.36,    -25.25,    -20.72,    -18.00,    -16.64,    -16.35,    -15.77,    -13.11,    -10.74,    -10.24,      0.00
105.,      0.00,      4.10,    -16.56,     -4.97,     -5.93,    -13.07,    -16.77,    -16.36,    -15.69,    -13.15,    -10.77,    -10.24,      0.00
105.,     60.00,      2.21,    -14.37,     -6.61,     -7.00,     -9.95,    -16.05,    -16.34,    -15.65,    -13.16,    -10.77,    -10.24,      0.00
105.,    120.00,      1.28,    -13.31,     -7.53,     -7.75,     -9.58,    -14.76,    -16.23,    -15.61,    -13.16,    -10.78,    -10.24,      0.00
105.,    180.00,      0.64,    -12.62,     -8.18,     -8.30,     -9.63,    -13.67,    -15.99,    -15.57,    -13.17,    -10.79,    -10.24,      0.00
105.,    240.00,      0.18,    -12.13,     -8.66,     -8.73,     -9.77,    -12.97,    -15.64,    -15.53,    -13.18,    -10.80,    -10.24,      0.00
105.,    300.00,      0.03,    -11.95,     -9.06,     -9.09,     -9.94,    -12.54,    -15.24,    -15.47,    -13.19,    -10.81,    -10.24,      0.00
105.,    360.00,      0.52,    -12.38,     -9.43,     -9.40,    -10.10,    -12.27,    -14.85,    -15.41,    -13.20,    -10.82,    -10.24,      0.00
105.,    420.00,      2.70,    -14.37,     -9.90,     -9.70,    -10.26,    -12.11,    -14.50,    -15.34,    -13.22,    -10.83,    -10.25,      0.00
105.,    480.00,      8.60,    -19.78,    -10.74,    -10.07,    -10.44,    -12.02,    -14.21,    -15.27,    -13.26,    -10.85,    -10.25,      0.00
105.,    540.00,     14.84,    -25.55,    -11.97,    -10.55,    -10.66,    -11.99,    -13.98,    -15.18,    -13.30,    -10.88,    -10.25,      0.00
105.,    600.00,     22.07,    -32.27,    -13.85,    -11.17,    -10.94,    -12.00,    -13.79,    -15.10,    -13.35,    -10.90,    -10.25,      0.00
105.,    660.00,     29.96,    -39.66,    -16.88,    -11.93,    -11.28,    -12.06,    -13.65,    -15.01,    -13.40,    -10.93,    -10.25,      0.00
105.,    720.00,     34.59,    -44.11,    -21.17,    -12.82,    -11.67,    -12.16,    -13.55,    -14.91,    -13.43,    -10.95,    -10.25,      0.00
105.,    780.00,     33.57,    -43.44,    -25.87,    -13.75,    -12.11,    -12.29,    -13.47,    -14.80,    -13.43,    -10.96,    -10.25,      0.00
105.,    840.00,     30.51,    -40.91,    -30.43,    -14.67,    -12.56,    -12.45,    -13.42,    -14.68,    -13.42,    -10.96,    -10.25,      0.00
105.,    900.00,     25.95,    -37.02,    -33.89,    -15.53,    -13.01,    -12.63,    -13.39,    -14.56,    -13.40,    -10.96,    -10.25,      0.00
105.,    960.00,     20.32,    -32.13,    -35.18,    -16.30,    -13.45,    -12.81,    -13.39,    -14.45,    -13.37,    -10.96,    -10.25,      0.00
105.,   1020.00,     14.30,    -26.86,    -33.99,    -16.97,    -13.86,    -13.00,    -13.40,    -14.35,    -13.34,    -10.96,    -10.25,      0.00
105.,   1080.00,      8.98,    -22.19,    -31.18,    -17.50,    -14.25,    -13.19,    -13.43,    -14.26,    -13.31,    -10.96,    -10.26,      0.00
105.,   1140.00,      5.70,    -19.35,    -28.26,    -17.88,    -14.60,    -13.37,    -13.47,    -14.18,    -13.29,    -10.96,    -10.26,      0.00
105.,   1200.00,      4.33,    -18.22,    -26.04,    -18.12,    -14.91,    -13.56,    -13.52,    -14.12,    -13.28,    -10.97,    -10.26,      0.00
105.,   1260.00,      3.61,    -17.66,    -24.46,    -18.26,    -15.18,    -13.73,    -13.58,    -14.07,    -13.27,    -10.98,    -10.26,      0.00
105.,   1320.00,      3.19,    -17.34,    -23.33,    -18.33,    -15.42,    -13.90,    -13.65,    -14.03,    -13.26,    -10.99,    -10.26,      0.00
105.,   1380.00,      2.42,    -16.71,    -22.37,    -18.33,    -15.62,    -14.06,    -13.71,    -13.99,    -13.25,    -11.00,    -10.26,      0.00
135.,      0.00,      4.98,    -16.39,     -5.53,     -6.55,    -12.23,    -14.27,    -13.86,    -13.96,    -13.25,    -11.02,    -10.26,      0.00
135.,     60.00,      2.49,    -13.81,     -7.07,     -7.44,     -9.96,    -13.77,    -13.89,    -13.93,    -13.23,    -11.03,    -10.26,      0.00
135.,    120.00,      1.31,    -12.63,     -7.90,     -8.08,     -9.60,    -12.95,    -13.85,    -13.92,    -13.22,    -11.03,    -10.26,      0.00
135.,    180.00,      0.37,    -11.72,     -8.45,     -8.54,     -9.61,    -12.28,    -13.70,    -13.90,    -13.20,    -11.04,    -10.27,      0.00
135.,    240.00,      0.07,    -11.42,     -8.87,     -8.90,     -9.71,    -11.84,    -13.47,    -13.88,    -13.19,    -11.05,    -10.27,      0.00
135.,    300.00,      0.27,    -11.59,     -9.23,     -9.19,     -9.82,    -11.57,    -13.23,    -13.85,    -13.19,    -11.06,    -10.27,      0.00
135.,    360.00,      1.75,    -12.95,     -9.63,     -9.47,     -9.95,    -11.41,    -13.00,    -13.80,    -13.18,    -11.07,    -10.27,      0.00
135.,    420.00,      6.77,    -17.56,    -10.32,     -9.79,    -10.10,    -11.32,    -12.81,    -13.76,    -13.20,    -11.09,    -10.27,      0.00
135.,    480.00,     12.44,    -22.81,    -11.32,    -10.20,    -10.28,    -11.28,    -12.65,    -13.71,    -13.22,    -11.11,    -10.27,      0.00
135.,    540.00,     21.57,    -31.26,    -13.11,    -10.76,    -10.52,    -11.29,    -12.53,    -13.66,    -13.26,    -11.14,    -10.27,      0.00
135.,    600.00,     28.58,    -37.83,    -15.70,    -11.46,    -10.82,    -11.35,    -12.45,    -13.60,    -13.29,    -11.16,    -10.27,      0.00
135.,    660.00,     36.20,    -45.02,    -19.98,    -12.32,    -11.19,    -11.45,    -12.39,    -13.54,    -13.32,    -11.19,    -10.27,      0.00
135.,    720.00,     40.67,    -49.36,    -26.54,    -13.28,    -11.60,    -11.58,    -12.37,    -13.48,    -13.33,    -11.21,    -10.28,      0.00
135.,    780.00,     39.54,    -48.63,    -34.80,    -14.28,    -12.06,    -11.74,    -12.36,    -13.41,    -13.32,    -11.22,    -10.28,      0.00
135.,    840.00,     36.41,    -46.08,    -44.35,    -15.26,    -12.52,    -11.92,    -12.38,    -13.34,    -13.29,    -11.22,    -10.28,      0.00
135.,    900.00,     32.26,    -42.59,    -54.11,    -16.18,    -12.98,    -12.12,    -12.41,    -13.28,    -13.26,    -11.22,    -10.28,      0.00
135.,    960.00,     25.91,    -37.08,    -60.31,    -17.03,    -13.42,    -12.32,    -12.45,    -13.22,    -13.22,    -11.22,    -10.28,      0.00
135.,   1020.00,     19.06,    -31.10,    -60.54,    -17.79,    -13.85,    -12.52,    -12.51,    -13.16,    -13.17,    -11.21,    -10.28,      0.00
135.,   1080.00,     12.65,    -25.48,    -55.31,    -18.44,    -14.25,    -12.72,    -12.57,    -13.11,    -13.13,    -11.20,    -10.28,      0.00
135.,   1140.00,      7.48,    -20.96,    -47.53,    -18.99,    -14.62,    -12.92,    -12.65,    -13.07,    -13.09,    -11.20,    -10.29,      0.00
135.,   1200.00,      5.13,    -18.99,    -40.84,    -19.42,    -14.96,    -13.12,    -12.73,    -13.05,    -13.07,    -11.21,    -10.29,      0.00
135.,   1260.00,      4.10,    -18.19,    -35.88,    -19.73,    -15.28,    -13.31,    -12.82,    -13.04,    -13.05,    -11.21,    -10.29,      0.00
135.,   1320.00,      3.45,    -17.71,    -32.27,    -19.92,    -15.56,    -13.49,    -12.91,    -13.03,    -13.03,    -11.22,    -10.29,      0.00
135.,   1380.00,      3.06,    -17.44,    -29.67,    -20.02,    -15.81,    -13.67,    -13.00,    -13.03,    -13.01,    -11.23,    -10.29,      0.00
166.,      0.00,      5.74,    -17.41,     -6.62,     -8.21,    -14.01,    -13.96,    -13.19,    -13.06,    -13.00,    -11.25,    -10.29,      0.00
166.,     60.00,      2.68,    -14.38,     -8.29,     -8.86,    -11.82,    -13.80,    -13.26,    -13.07,    -12.97,    -11.25,    -10.30,      0.00
166.,    120.00,      1.36,    -13.10,     -9.14,     -9.41,    -11.16,    -13.38,    -13.30,    -13.08,    -12.95,    -11.25,    -10.30,      0.00
166.,    180.00,      0.40,    -12.19,     -9.67,     -9.81,    -10.99,    -12.95,    -13.27,    -13.09,    -12.94,    -11.26,    -10.30,      0.00
166.,    240.00,      0.13,    -11.93,    -10.06,    -10.12,    -10.98,    -12.60,    -13.19,    -13.10,    -12.92,    -11.26,    -10.30,      0.00
166.,    300.00,      0.64,    -12.39,    -10.42,    -10.37,    -11.01,    -12.36,    -13.08,    -13.11,    -12.91,    -11.27,    -10.30,      0.00
166.,    360.00,      3.36,    -14.89,    -10.93,    -10.64,    -11.08,    -12.21,    -12.97,    -13.11,    -12.92,    -11.28,    -10.30,      0.00
166.,    420.00,      9.24,    -20.30,    -11.87,    -10.98,    -11.19,    -12.11,    -12.88,    -13.12,    -12.93,    -11.30,    -10.30,      0.00
166.,    480.00,     16.36,    -26.89,    -13.39,    -11.45,    -11.35,    -12.06,    -12.79,    -13.12,    -12.96,    -11.33,    -10.31,      0.00
166.,    540.00,     25.32,    -35.22,    -16.01,    -12.09,    -11.58,    -12.06,    -12.73,    -13.12,    -13.00,    -11.35,    -10.31,      0.00
166.,    600.00,     32.87,    -42.31,    -20.18,    -12.91,    -11.88,    -12.10,    -12.69,    -13.12,    -13.02,    -11.38,    -10.31,      0.00
166.,    660.00,     40.73,    -49.75,    -27.71,    -13.87,    -12.25,    -12.19,    -12.67,    -13.12,    -13.06,    -11.40,    -10.31,      0.00
166.,    720.00,     44.89,    -53.86,    -40.76,    -14.93,    -12.67,    -12.31,    -12.67,    -13.11,    -13.07,    -11.42,    -10.31,      0.00
166.,    780.00,     43.89,    -53.27,    -61.06,    -16.00,    -13.12,    -12.46,    -12.68,    -13.09,    -13.06,    -11.43,    -10.31,      0.00
166.,    840.00,     41.25,    -51.18,    -92.05,    -17.03,    -13.58,    -12.63,    -12.71,    -13.06,    -13.04,    -11.43,    -10.32,      0.00
166.,    900.00,     36.14,    -46.82,   -132.24,    -17.98,    -14.03,    -12.81,    -12.75,    -13.04,    -13.01,    -11.43,    -10.32,      0.00
166.,    960.00,     29.02,    -40.62,   -169.08,    -18.85,    -14.46,    -12.99,    -12.80,    -13.01,    -12.97,    -11.42,    -10.32,      0.00
166.,   1020.00,     21.56,    -34.08,   -185.93,    -19.62,    -14.87,    -13.18,    -12.85,    -12.98,    -12.93,    -11.41,    -10.32,      0.00
166.,   1080.00,     14.47,    -27.85,   -175.14,    -20.32,    -15.26,    -13.36,    -12.91,    -12.96,    -12.89,    -11.40,    -10.32,      0.00
166.,   1140.00,      8.60,    -22.73,   -146.26,    -20.94,    -15.62,    -13.54,    -12.98,    -12.95,    -12.86,    -11.39,    -10.32,      0.00
166.,   1200.00,      5.42,    -20.03,   -116.93,    -21.51,    -15.96,    -13.72,    -13.06,    -12.95,    -12.84,    -11.39,    -10.33,      0.00
166.,   1260.00,      4.19,    -19.10,    -94.14,    -22.02,    -16.29,    -13.90,    -13.14,    -12.95,    -12.82,    -11.39,    -10.33,      0.00
166.,   1320.00,      3.49,    -18.64,    -77.19,    -22.45,    -16.60,    -14.08,    -13.23,    -12.97,    -12.82,    -11.40,    -10.33,      0.00
166.,   1380.00,      2.95,    -18.29,    -64.57,    -22.82,    -16.88,    -14.25,    -13.32,    -12.98,    -12.81,    -11.40,    -10.33,      0.00
196.,      0.00,      6.33,    -18.46,     -6.94,     -8.96,    -15.51,    -14.56,    -13.50,    -13.03,    -12.81,    -11.42,    -10.33,      0.00
196.,     60.00,      3.05,    -15.21,     -8.79,     -9.55,    -13.09,    -14.48,    -13.58,    -13.05,    -12.79,    -11.42,    -10.34,      0.00
196.,    120.00,      1.60,    -13.80,     -9.73,    -10.10,    -12.20,    -14.16,    -13.63,    -13.07,    -12.78,    -11.42,    -10.34,      0.00
196.,    180.00,      0.49,    -12.74,    -10.29,    -10.50,    -11.91,    -13.76,    -13.63,    -13.10,    -12.77,    -11.43,    -10.34,      0.00
196.,    240.00,      0.16,    -12.42,    -10.70,    -10.81,    -11.82,    -13.41,    -13.58,    -13.12,    -12.76,    -11.43,    -10.34,      0.00
196.,    300.00,      0.68,    -12.89,    -11.07,    -11.07,    -11.81,    -13.15,    -13.51,    -13.14,    -12.76,    -11.44,    -10.34,      0.00
196.,    360.00,      3.43,    -15.41,    -11.63,    -11.33,    -11.85,    -12.96,    -13.42,    -13.16,    -12.77,    -11.45,    -10.34,      0.00
196.,    420.00,     10.19,    -21.63,    -12.77,    -11.69,    -11.93,    -12.84,    -13.35,    -13.18,    -12.80,    -11.47,    -10.35,      0.00
196.,    480.00,     17.84,    -28.70,    -14.64,    -12.20,    -12.08,    -12.77,    -13.28,    -13.21,    -12.84,    -11.49,    -10.35,      0.00
196.,    540.00,     27.91,    -38.06,    -18.08,    -12.92,    -12.30,    -12.75,    -13.22,    -13.23,    -12.88,    -11.52,    -10.35,      0.00
196.,    600.00,     37.07,    -46.65,    -24.24,    -13.83,    -12.61,    -12.78,    -13.19,    -13.25,    -12.93,    -11.55,    -10.35,      0.00
196.,    660.00,     45.70,    -54.82,    -36.58,    -14.90,    -12.99,    -12.85,    -13.17,    -13.27,    -12.97,    -11.57,    -10.35,      0.00
196.,    720.00,     50.22,    -59.27,    -61.81,    -16.05,    -13.43,    -12.96,    -13.17,    -13.27,    -12.99,    -11.59,    -10.36,      0.00
196.,    780.00,     49.22,    -58.70,   -111.49,    -17.18,    -13.89,    -13.10,    -13.18,    -13.26,    -12.99,    -11.59,    -10.36,      0.00
196.,    840.00,     45.40,    -55.54,   -207.00,    -18.23,    -14.35,    -13.26,    -13.20,    -13.25,    -12.98,    -11.59,    -10.36,      0.00
196.,    900.00,     39.63,    -50.58,   -372.59,    -19.18,    -14.80,    -13.43,    -13.24,    -13.24,    -12.95,    -11.59,    -10.36,      0.00
196.,    960.00,     31.81,    -43.72,   -584.29,    -20.03,    -15.23,    -13.60,    -13.28,    -13.22,    -12.92,    -11.57,    -10.36,      0.00
196.,   1020.00,     23.32,    -36.24,   -733.87,    -20.78,    -15.63,    -13.78,    -13.32,    -13.20,    -12.88,    -11.56,    -10.37,      0.00
196.,   1080.00,     15.73,    -29.55,   -731.65,    -21.46,    -16.01,    -13.95,    -13.38,    -13.18,    -12.85,    -11.55,    -10.37,      0.00
196.,   1140.00,      9.13,    -23.76,   -597.21,    -22.08,    -16.36,    -14.12,    -13.44,    -13.17,    -12.81,    -11.54,    -10.37,      0.00
196.,   1200.00,      5.31,    -20.49,   -445.67,    -22.65,    -16.69,    -14.29,    -13.50,    -13.17,    -12.80,    -11.53,    -10.37,      0.00
196.,   1260.00,      4.33,    -19.79,   -335.64,    -23.20,    -17.01,    -14.46,    -13.58,    -13.18,    -12.79,    -11.53,    -10.37,      0.00
196.,   1320.00,      3.69,    -19.40,   -256.97,    -23.71,    -17.32,    -14.62,    -13.66,    -13.19,    -12.79,    -11.54,    -10.38,      0.00
196.,   1380.00,      3.13,    -19.07,   -199.93,    -24.18,    -17.61,    -14.79,    -13.74,    -13.21,    -12.79,    -11.54,    -10.38,      0.00
227.,      0.00,      5.53,    -18.13,     -7.05,     -9.31,    -16.37,    -15.08,    -13.91,    -13.26,    -12.80,    -11.55,    -10.38,      0.00
227.,     60.00,      2.92,    -15.46,     -8.99,     -9.88,    -13.83,    -15.03,    -13.98,    -13.28,    -12.79,    -11.55,    -10.38,      0.00
227.,    120.00,      1.66,    -14.21,     -9.99,    -10.43,    -12.80,    -14.74,    -14.03,    -13.30,    -12.78,    -11.55,    -10.39,      0.00
227.,    180.00,      0.80,    -13.38,    -10.60,    -10.85,    -12.44,    -14.35,    -14.04,    -13.33,    -12.78,    -11.56,    -10.39,      0.00
227.,    240.00,      0.24,    -12.84,    -11.03,    -11.17,    -12.31,    -13.99,    -14.00,    -13.35,    -12.78,    -11.56,    -10.39,      0.00
227.,    300.00,      0.12,    -12.72,    -11.36,    -11.43,    -12.28,    -13.70,    -13.93,    -13.37,    -12.78,    -11.56,    -10.39,      0.00
227.,    360.00,      1.16,    -13.67,    -11.74,    -11.66,    -12.30,    -13.49,    -13.85,    -13.39,    -12.79,    -11.57,    -10.39,      0.00
227.,    420.00,      6.41,    -18.48,    -12.60,    -11.94,    -12.35,    -13.34,    -13.77,    -13.42,    -12.81,    -11.58,    -10.40,      0.00
227.,    480.00,     14.34,    -25.79,    -14.22,    -12.38,    -12.45,    -13.25,    -13.70,    -13.44,    -12.85,    -11.61,    -10.40,      0.00
227.,    540.00,     24.48,    -35.18,    -17.25,    -13.03,    -12.63,    -13.20,    -13.64,    -13.47,    -12.91,    -11.64,    -10.40,      0.00
227.,    600.00,     33.99,    -44.07,    -22.63,    -13.89,    -12.90,    -13.20,    -13.60,    -13.49,    -12.96,    -11.66,    -10.40,      0.00
227.,    660.00,     43.70,    -53.21,    -33.51,    -14.94,    -13.25,    -13.25,    -13.57,    -13.52,    -13.01,    -11.69,    -10.41,      0.00
227.,    720.00,     49.46,    -58.79,    -55.93,    -16.10,    -13.67,    -13.34,    -13.56,    -13.53,    -13.04,    -11.71,    -10.41,      0.00
227.,    780.00,     46.38,    -56.31,    -94.12,    -17.24,    -14.12,    -13.45,    -13.56,    -13.52,    -13.03,    -11.71,    -10.41,      0.00
227.,    840.00,     42.92,    -53.48,   -161.24,    -18.32,    -14.58,    -13.59,    -13.57,    -13.51,    -13.02,    -11.71,    -10.41,      0.00
227.,    900.00,     37.00,    -48.38,   -262.02,    -19.29,    -15.02,    -13.75,    -13.58,    -13.49,    -13.00,    -11.70,    -10.41,      0.00
227.,    960.00,     29.67,    -41.98,   -374.32,    -20.15,    -15.45,    -13.91,    -13.61,    -13.47,    -12.97,    -11.69,    -10.42,      0.00
227.,   1020.00,     21.43,    -34.72,   -437.10,    -20.93,    -15.86,    -14.07,    -13.65,    -13.45,    -12.94,    -11.67,    -10.42,      0.00
227.,   1080.00,     12.14,    -26.48,   -393.17,    -21.61,    -16.23,    -14.23,    -13.68,    -13.42,    -12.90,    -11.65,    -10.42,      0.00
227.,   1140.00,      6.82,    -21.85,   -310.44,    -22.25,    -16.58,    -14.40,    -13.73,    -13.41,    -12.88,    -11.64,    -10.42,      0.00
227.,   1200.00,      5.03,    -20.43,   -241.36,    -22.84,    -16.92,    -14.56,    -13.79,    -13.41,    -12.87,    -11.64,    -10.43,      0.00
227.,   1260.00,      4.17,    -19.85,   -189.61,    -23.38,    -17.24,    -14.72,    -13.86,    -13.42,    -12.87,    -11.65,    -10.43,      0.00
227.,   1320.00,      3.51,    -19.43,   -150.99,    -23.88,    -17.55,    -14.88,    -13.93,    -13.43,    -12.87,    -11.65,    -10.43,      0.00
227.,   1380.00,      2.95,    -19.09,   -122.00,    -24.33,    -17.84,    -15.04,    -14.01,    -13.45,    -12.87,    -11.65,    -10.43,      0.00
258.,      0.00,      4.32,    -16.69,     -5.97,     -7.60,    -15.38,    -15.32,    -14.16,    -13.49,    -12.88,    -11.66,    -10.44,      0.00
258.,     60.00,      2.35,    -14.53,     -7.79,     -8.43,    -12.16,    -15.10,    -14.23,    -13.50,    -12.88,    -11.66,    -10.44,      0.00
258.,    120.00,      1.34,    -13.47,     -8.75,     -9.10,    -11.29,    -14.52,    -14.25,    -13.52,    -12.87,    -11.66,    -10.44,      0.00
258.,    180.00,      0.64,    -12.77,     -9.38,     -9.58,    -11.08,    -13.88,    -14.20,    -13.54,    -12.87,    -11.66,    -10.44,      0.00
258.,    240.00,      0.14,    -12.27,     -9.83,     -9.95,    -11.07,    -13.37,    -14.09,    -13.56,    -12.87,    -11.66,    -10.45,      0.00
258.,    300.00,      0.03,    -12.15,    -10.20,    -10.25,    -11.11,    -13.01,    -13.93,    -13.57,    -12.88,    -11.67,    -10.45,      0.00
258.,    360.00,      0.03,    -12.14,    -10.50,    -10.50,    -11.18,    -12.76,    -13.76,    -13.57,    -12.88,    -11.67,    -10.45,      0.00
258.,    420.00,      1.98,    -13.93,    -10.92,    -10.74,    -11.26,    -12.59,    -13.60,    -13.57,    -12.89,    -11.68,    -10.45,      0.00
258.,    480.00,      7.51,    -19.01,    -11.77,    -11.06,    -11.37,    -12.48,    -13.46,    -13.57,    -12.92,    -11.70,    -10.46,      0.00
258.,    540.00,     15.20,    -26.11,    -13.25,    -11.51,    -11.52,    -12.43,    -13.34,    -13.57,    -12.96,    -11.72,    -10.46,      0.00
258.,    600.00,     23.84,    -34.13,    -15.72,    -12.14,    -11.75,    -12.41,    -13.25,    -13.56,    -13.01,    -11.74,    -10.46,      0.00
258.,    660.00,     33.60,    -43.25,    -20.18,    -12.97,    -12.05,    -12.44,    -13.19,    -13.56,    -13.06,    -11.77,    -10.46,      0.00
258.,    720.00,     37.90,    -47.43,    -26.70,    -13.93,    -12.42,    -12.52,    -13.14,    -13.54,    -13.09,    -11.79,    -10.47,      0.00
258.,    780.00,     36.48,    -46.41,    -34.51,    -14.94,    -12.83,    -12.62,    -13.11,    -13.50,    -13.09,    -11.79,    -10.47,      0.00
258.,    840.00,     32.99,    -43.53,    -42.86,    -15.91,    -13.26,    -12.75,    -13.09,    -13.46,    -13.07,    -11.78,    -10.47,      0.00
258.,    900.00,     27.20,    -38.52,    -49.21,    -16.82,    -13.70,    -12.90,    -13.09,    -13.42,    -13.05,    -11.77,    -10.47,      0.00
258.,    960.00,     20.49,    -32.66,    -51.23,    -17.64,    -14.12,    -13.06,    -13.10,    -13.38,    -13.02,    -11.76,    -10.47,      0.00
258.,   1020.00,     13.68,    -26.68,    -48.36,    -18.35,    -14.52,    -13.22,    -13.13,    -13.34,    -12.99,    -11.75,    -10.48,      0.00
258.,   1080.00,      7.96,    -21.66,    -42.59,    -18.92,    -14.89,    -13.39,    -13.16,    -13.30,    -12.96,    -11.74,    -10.48,      0.00
258.,   1140.00,      5.44,    -19.53,    -37.40,    -19.37,    -15.23,    -13.56,    -13.21,    -13.28,    -12.95,    -11.74,    -10.48,      0.00
258.,   1200.00,      4.37,    -18.68,    -33.51,    -19.68,    -15.55,    -13.73,    -13.27,    -13.27,    -12.94,    -11.74,    -10.48,      0.00
258.,   1260.00,      3.66,    -18.14,    -30.64,    -19.89,    -15.83,    -13.90,    -13.34,    -13.26,    -12.94,    -11.74,    -10.49,      0.00
258.,   1320.00,      3.17,    -17.78,    -28.52,    -19.99,    -16.07,    -14.06,    -13.41,    -13.26,    -12.94,    -11.74,    -10.49,      0.00
258.,   1380.00,      2.44,    -17.17,    -26.79,    -20.02,    -16.29,    -14.21,    -13.48,    -13.26,    -12.93,    -11.74,    -10.49,      0.00
288.,      0.00,      3.17,    -14.57,     -4.91,     -5.79,    -11.81,    -14.40,    -13.63,    -13.28,    -12.93,    -11.75,    -10.50,      0.00
288.,     60.00,      1.76,    -12.89,     -6.47,     -6.80,     -9.22,    -13.70,    -13.67,    -13.29,    -12.92,    -11.75,    -10.50,      0.00
288.,    120.00,      1.03,    -12.08,     -7.33,     -7.48,     -8.93,    -12.61,    -13.60,    -13.30,    -12.92,    -11.75,    -10.50,      0.00
288.,    180.00,      0.51,    -11.55,     -7.92,     -7.98,     -8.99,    -11.79,    -13.39,    -13.31,    -12.91,    -11.75,    -10.50,      0.00
288.,    240.00,      0.16,    -11.19,     -8.35,     -8.36,     -9.12,    -11.30,    -13.10,    -13.31,    -12.91,    -11.76,    -10.51,      0.00
288.,    300.00,      0.03,    -11.06,     -8.71,     -8.67,     -9.26,    -11.01,    -12.79,    -13.29,    -12.91,    -11.76,    -10.51,      0.00
288.,    360.00,      0.03,    -11.05,     -9.00,     -8.93,     -9.41,    -10.85,    -12.51,    -13.25,    -12.91,    -11.76,    -10.51,      0.00
288.,    420.00,      0.03,    -11.06,     -9.26,     -9.16,     -9.54,    -10.75,    -12.28,    -13.19,    -12.90,    -11.76,    -10.51,      0.00
288.,    480.00,      1.98,    -12.86,     -9.61,     -9.38,     -9.67,    -10.70,    -12.09,    -13.12,    -12.91,    -11.77,    -10.52,      0.00
288.,    540.00,      7.51,    -17.95,    -10.30,     -9.68,     -9.82,    -10.69,    -11.95,    -13.06,    -12.94,    -11.79,    -10.52,      0.00
288.,    600.00,     13.49,    -23.49,    -11.31,    -10.07,    -10.00,    -10.71,    -11.84,    -12.99,    -12.96,    -11.81,    -10.52,      0.00
288.,    660.00,     21.77,    -31.17,    -13.01,    -10.61,    -10.23,    -10.75,    -11.76,    -12.92,    -13.00,    -11.83,    -10.52,      0.00
288.,    720.00,     26.72,    -35.86,    -15.18,    -11.26,    -10.53,    -10.83,    -11.71,    -12.86,    -13.02,    -11.85,    -10.53,      0.00
288.,    780.00,     25.71,    -35.13,    -17.10,    -11.95,    -10.86,    -10.94,    -11.67,    -12.78,    -13.01,    -11.85,    -10.53,      0.00
288.,    840.00,     23.27,    -33.11,    -18.63,    -12.61,    -11.22,    -11.07,    -11.66,    -12.70,    -12.99,    -11.85,    -10.53,      0.00
288.,    900.00,     18.88,    -29.29,    -19.37,    -13.20,    -11.57,    -11.21,    -11.67,    -12.63,    -12.96,    -11.84,    -10.53,      0.00
288.,    960.00,     13.78,    -24.81,    -19.23,    -13.67,    -11.90,    -11.37,    -11.69,    -12.56,    -12.93,    -11.83,    -10.54,      0.00
288.,   1020.00,      8.76,    -20.36,    -18.44,    -14.02,    -12.20,    -11.53,    -11.72,    -12.51,    -12.90,    -11.82,    -10.54,      0.00
288.,   1080.00,      5.56,    -17.55,    -17.56,    -14.23,    -12.47,    -11.68,    -11.77,    -12.46,    -12.87,    -11.82,    -10.54,      0.00
288.,   1140.00,      4.18,    -16.37,    -16.94,    -14.34,    -12.69,    -11.84,    -11.83,    -12.43,    -12.85,    -11.81,    -10.54,      0.00
288.,   1200.00,      3.47,    -15.78,    -16.51,    -14.39,    -12.87,    -11.98,    -11.89,    -12.40,    -12.83,    -11.82,    -10.55,      0.00
288.,   1260.00,      2.99,    -15.40,    -16.21,    -14.41,    -13.02,    -12.11,    -11.95,    -12.38,    -12.82,    -11.82,    -10.55,      0.00
288.,   1320.00,      2.36,    -14.87,    -15.94,    -14.41,    -13.14,    -12.23,    -12.02,    -12.37,    -12.80,    -11.82,    -10.55,      0.00
288.,   1380.00,      2.14,    -14.71,    -15.75,    -14.40,    -13.23,    -12.35,    -12.09,    -12.37,    -12.79,    -11.82,    -10.55,      0.00
319.,      0.00,      2.37,    -12.34,     -4.03,     -4.47,     -7.90,    -12.28,    -12.21,    -12.37,    -12.76,    -11.83,    -10.56,      0.00
319.,     60.00,      1.37,    -11.07,     -5.39,     -5.48,     -6.76,    -10.75,    -12.16,    -12.38,    -12.74,    -11.83,    -10.56,      0.00
319.,    120.00,      0.82,    -10.45,     -6.13,     -6.12,     -6.89,     -9.53,    -11.82,    -12.37,    -12.72,    -11.83,    -10.56,      0.00
319.,    180.00,      0.42,    -10.04,     -6.64,     -6.57,     -7.11,     -8.98,    -11.32,    -12.35,    -12.71,    -11.83,    -10.57,      0.00
319.,    240.00,      0.13,     -9.76,     -7.03,     -6.93,     -7.32,     -8.75,    -10.85,    -12.28,    -12.69,    -11.83,    -10.57,      0.00
319.,    300.00,      0.03,     -9.66,     -7.35,     -7.22,     -7.52,     -8.66,    -10.49,    -12.18,    -12.68,    -11.83,    -10.57,      0.00
319.,    360.00,      0.03,     -9.68,     -7.62,     -7.47,     -7.70,     -8.64,    -10.22,    -12.05,    -12.66,    -11.83,    -10.57,      0.00
319.,    420.00,      0.03,     -9.70,     -7.86,     -7.68,     -7.86,     -8.65,    -10.03,    -11.89,    -12.65,    -11.84,    -10.58,      0.00
319.,    480.00,      0.07,     -9.77,     -8.07,     -7.88,     -8.01,     -8.68,     -9.89,    -11.74,    -12.63,    -11.84,    -10.58,      0.00
319.,    540.00,      2.24,    -11.79,     -8.37,     -8.08,     -8.15,     -8.73,     -9.80,    -11.59,    -12.62,    -11.84,    -10.58,      0.00
319.,    600.00,      6.86,    -16.06,     -8.86,     -8.33,     -8.31,     -8.79,     -9.74,    -11.46,    -12.62,    -11.86,    -10.58,      0.00
319.,    660.00,     13.25,    -21.98,     -9.64,     -8.67,     -8.49,     -8.86,     -9.71,    -11.34,    -12.63,    -11.88,    -10.59,      0.00
319.,    720.00,     18.33,    -26.73,    -10.62,     -9.09,     -8.72,     -8.96,     -9.69,    -11.24,    -12.62,    -11.89,    -10.59,      0.00
319.,    780.00,     15.91,    -24.64,    -11.19,     -9.51,     -8.97,     -9.07,     -9.70,    -11.14,    -12.59,    -11.89,    -10.59,      0.00
319.,    840.00,     14.91,    -23.86,    -11.69,     -9.88,     -9.22,     -9.19,     -9.72,    -11.05,    -12.55,    -11.89,    -10.59,      0.00
319.,    900.00,     12.12,    -21.43,    -11.94,    -10.19,     -9.47,     -9.33,     -9.75,    -10.98,    -12.51,    -11.88,    -10.60,      0.00
319.,    960.00,      8.60,    -18.32,    -11.93,    -10.43,     -9.69,     -9.46,     -9.80,    -10.92,    -12.46,    -11.88,    -10.60,      0.00
319.,   1020.00,      5.54,    -15.61,    -11.78,    -10.59,     -9.88,     -9.60,     -9.85,    -10.87,    -12.41,    -11.87,    -10.60,      0.00
319.,   1080.00,      4.02,    -14.29,    -11.67,    -10.69,    -10.04,     -9.72,     -9.91,    -10.83,    -12.36,    -11.87,    -10.60,      0.00
319.,   1140.00,      3.33,    -13.72,    -11.62,    -10.77,    -10.17,     -9.84,     -9.98,    -10.81,    -12.32,    -11.87,    -10.61,      0.00
319.,   1200.00,      2.87,    -13.36,    -11.61,    -10.83,    -10.28,     -9.95,    -10.04,    -10.79,    -12.28,    -11.87,    -10.61,      0.00
319.,   1260.00,      2.33,    -12.90,    -11.59,    -10.89,    -10.37,    -10.04,    -10.11,    -10.78,    -12.24,    -11.87,    -10.61,      0.00
319.,   1320.00,      2.08,    -12.73,    -11.59,    -10.94,    -10.45,    -10.13,    -10.17,    -10.77,    -12.20,    -11.87,    -10.61,      0.00
319.,   1380.00,      1.59,    -12.31,    -11.57,    -10.98,    -10.53,    -10.21,    -10.23,    -10.77,    -12.17,    -11.87,    -10.62,      0.00
349.,      0.00,      2.29,    -11.19,     -4.23,     -4.53,     -6.76,    -10.00,    -10.33,    -10.78,    -12.10,    -11.87,    -10.62,      0.00
349.,     60.00,      1.33,    -10.11,     -5.36,     -5.38,     -6.25,     -8.77,    -10.20,    -10.79,    -12.06,    -11.87,    -10.63,      0.00
349.,    120.00,      0.83,     -9.60,     -5.99,     -5.91,     -6.41,     -8.07,     -9.83,    -10.77,    -12.02,    -11.87,    -10.63,      0.00
349.,    180.00,      0.46,     -9.26,     -6.43,     -6.30,     -6.62,     -7.80,     -9.43,    -10.72,    -11.99,    -11.87,    -10.63,      0.00
349.,    240.00,      0.19,     -9.03,     -6.76,     -6.60,     -6.82,     -7.71,     -9.12,    -10.63,    -11.96,    -11.86,    -10.63,      0.00
349.,    300.00,      0.03,     -8.90,     -7.02,     -6.85,     -6.99,     -7.70,     -8.90,    -10.51,    -11.93,    -11.86,    -10.64,      0.00
349.,    360.00,      0.03,     -8.93,     -7.25,     -7.06,     -7.16,     -7.73,     -8.76,    -10.37,    -11.90,    -11.86,    -10.64,      0.00
349.,    420.00,      0.03,     -8.97,     -7.46,     -7.25,     -7.30,     -7.77,     -8.67,    -10.23,    -11.86,    -11.86,    -10.64,      0.00
349.,    480.00,      0.03,     -9.01,     -7.63,     -7.41,     -7.44,     -7.83,     -8.61,    -10.10,    -11.83,    -11.86,    -10.64,      0.00
349.,    540.00,      0.80,     -9.75,     -7.83,     -7.57,     -7.56,     -7.89,     -8.58,     -9.99,    -11.79,    -11.86,    -10.65,      0.00
349.,    600.00,      4.24,    -12.94,     -8.17,     -7.76,     -7.69,     -7.96,     -8.57,     -9.89,    -11.77,    -11.87,    -10.65,      0.00
349.,    660.00,     10.11,    -18.38,     -8.73,     -8.03,     -7.85,     -8.04,     -8.57,     -9.82,    -11.74,    -11.89,    -10.65,      0.00
349.,    720.00,     13.08,    -21.18,     -9.32,     -8.34,     -8.03,     -8.13,     -8.59,     -9.75,    -11.71,    -11.89,    -10.65,      0.00
349.,    780.00,     13.07,    -21.28,     -9.78,     -8.65,     -8.23,     -8.23,     -8.62,     -9.69,    -11.66,    -11.89,    -10.66,      0.00
349.,    840.00,     11.73,    -20.16,    -10.11,     -8.93,     -8.43,     -8.34,     -8.66,     -9.65,    -11.61,    -11.89,    -10.66,      0.00
349.,    900.00,      9.42,    -18.14,    -10.27,     -9.16,     -8.62,     -8.46,     -8.71,     -9.61,    -11.56,    -11.88,    -10.66,      0.00
349.,    960.00,      6.78,    -15.82,    -10.30,     -9.34,     -8.80,     -8.58,     -8.77,     -9.58,    -11.50,    -11.87,    -10.66,      0.00
349.,   1020.00,      4.70,    -13.99,    -10.27,     -9.46,     -8.94,     -8.69,     -8.83,     -9.57,    -11.44,    -11.87,    -10.67,      0.00
349.,   1080.00,      3.71,    -13.14,    -10.27,     -9.55,     -9.07,     -8.80,     -8.89,     -9.56,    -11.39,    -11.86,    -10.67,      0.00
349.,   1140.00,      3.15,    -12.69,    -10.28,     -9.63,     -9.17,     -8.90,     -8.96,     -9.56,    -11.34,    -11.86,    -10.67,      0.00
349.,   1200.00,      2.73,    -12.35,    -10.31,     -9.70,     -9.27,     -8.99,     -9.02,     -9.56,    -11.29,    -11.85,    -10.67,      0.00
349.,   1260.00,      2.29,    -12.00,    -10.33,     -9.76,     -9.35,     -9.07,     -9.08,     -9.57,    -11.25,    -11.85,    -10.68,      0.00
349.,   1320.00,      1.99,    -11.77,    -10.36,     -9.82,     -9.43,     -9.15,     -9.14,     -9.58,    -11.20,    -11.85,    -10.68,      0.00
349.,   1380.00,      1.63,    -11.47,    -10.38,     -9.87,     -9.50,     -9.22,     -9.20,     -9.60,    -11.16,    -11.84,    -10.68,      0.00
