 JULDAY,   TIME,    DE1,    DE2,    DE3,    DE4,    DE5,    DE6,    DE7,    DE8,    DE9,   DE10
 15.,      0.00,      0.00,      0.00,      0.00,      0.00,      0.00,      0.00,      0.00,      0.00,   1492.87,   1509.15
 15.,     60.00,      0.00,      0.00,      0.00,      0.00,      0.00,      0.00,      0.00,      0.00,   1638.54,   1607.94
 15.,    120.00,      0.00,      0.00,      0.00,      0.00,      0.00,      0.00,      0.00,      0.00,   1611.53,   1597.89
 15.,    180.00,      0.00,      0.00,      0.00,      0.00,      0.00,      0.00,      0.00,      0.00,   1599.79,   1590.87
 15.,    240.00,      0.00,      0.00,      0.00,      0.00,      0.00,      0.00,      0.00,      0.00,   1592.42,   1585.33
 15.,    300.00,      0.00,      0.00,      0.00,      0.00,      0.00,      0.00,      0.00,      0.00,   1587.05,   1581.09
 15.,    360.00,      0.00,      0.00,      0.00,      0.00,      0.00,      0.00,      0.00,      0.00,   1582.92,   1577.78
 15.,    420.00,      0.00,      0.00,      0.00,      0.00,      0.00,      0.00,      0.00,      0.00,   1579.63,   1575.09
 15.,    480.00,      0.00,      0.00,      0.00,      0.00,      0.00,      0.00,      0.00,      0.00,   1576.89,   1572.84
 15.,    540.00,      0.00,      0.00,      0.00,      0.00,      0.00,      0.00,      0.00,      0.00,   1574.44,   1570.91
 15.,    600.00,      0.00,      0.00,      0.00,      0.00,      0.00,      0.00,      0.00,      0.00,   1572.08,   1569.20
 15.,    660.00,      0.00,      0.00,      0.00,      0.00,      0.00,      0.00,      0.00,      0.00,   1569.65,   1567.63
 15.,    720.00,      0.00,      0.00,      0.00,      0.00,      0.00,      0.00,      0.00,      0.00,   1565.24,   1565.98
 15.,    780.00,      0.00,      0.00,      0.00,      0.00,      0.00,      0.00,      0.00,      0.00,   1561.75,   1564.22
 15.,    840.00,      0.00,      0.00,      0.00,      0.00,      0.00,      0.00,      0.00,      0.00,   1558.06,   1562.44
 15.,    900.00,      0.00,      0.00,      0.00,      0.00,      0.00,      0.00,      0.00,      0.00,   1555.37,   1560.73
 15.,    960.00,      0.00,      0.00,      0.00,      0.00,      0.00,      0.00,      0.00,      0.00,   1553.04,   1559.13
 15.,   1020.00,      0.00,      0.00,      0.00,      0.00,      0.00,      0.00,      0.00,      0.00,   1551.02,   1557.66
 15.,   1080.00,      0.00,      0.00,      0.00,      0.00,      0.00,      0.00,      0.00,      0.00,   1549.86,   1556.34
 15.,   1140.00,      0.00,      0.00,      0.00,      0.00,      0.00,      0.00,      0.00,      0.00,   1548.82,   1555.19
 15.,   1200.00,      0.00,      0.00,      0.00,      0.00,      0.00,      0.00,      0.00,      0.00,   1548.16,   1554.19
 15.,   1260.00,      0.00,      0.00,      0.00,      0.00,      0.00,      0.00,      0.00,      0.00,   1547.48,   1553.31
 15.,   1320.00,      0.00,      0.00,      0.00,      0.00,      0.00,      0.00,      0.00,      0.00,   1547.07,   1552.55
 15.,   1380.00,      0.00,      0.00,      0.00,      0.00,      0.00,      0.00,      0.00,      0.00,   1546.65,   1551.88
 46.,      0.00,      0.00,      0.00,      0.00,      0.00,      0.00,      0.00,      0.00,      0.00,   1546.23,   1550.81
 46.,     60.00,      0.00,      0.00,      0.00,      0.00,      0.00,      0.00,      0.00,      0.00,   1650.35,   1634.78
 46.,    120.00,      0.00,      0.00,      0.00,      0.00,      0.00,      0.00,      0.00,      0.00,   1627.54,   1621.97
 46.,    180.00,      0.00,      0.00,      0.00,      0.00,      0.00,      0.00,      0.00,      0.00,   1617.23,   1614.06
 46.,    240.00,      0.00,      0.00,      0.00,      0.00,      0.00,      0.00,      0.00,      0.00,   1610.75,   1608.69
 46.,    300.00,      0.00,      0.00,      0.00,      0.00,      0.00,      0.00,      0.00,      0.00,   1606.14,   1604.71
 46.,    360.00,      0.00,      0.00,      0.00,      0.00,      0.00,      0.00,      0.00,      0.00,   1602.70,   1601.61
 46.,    420.00,      0.00,      0.00,      0.00,      0.00,      0.00,      0.00,      0.00,      0.00,   1599.95,   1599.10
 46.,    480.00,      0.00,      0.00,      0.00,      0.00,      0.00,      0.00,      0.00,      0.00,   1597.46,   1596.97
 46.,    540.00,      0.00,      0.00,      0.00,      0.00,      0.00,      0.00,      0.00,      0.00,   1595.14,   1595.09
 46.,    600.00,      0.00,      0.00,      0.00,      0.00,      0.00,      0.00,      0.00,      0.00,   1592.85,   1593.35
 46.,    660.00,      0.00,      0.00,      0.00,      0.00,      0.00,      0.00,      0.00,      0.00,   1590.65,   1591.71
 46.,    720.00,      0.00,      0.00,      0.00,      0.00,      0.00,      0.00,      0.00,      0.00,   1586.25,   1589.84
 46.,    780.00,      0.00,      0.00,      0.00,      0.00,      0.00,      0.00,      0.00,      0.00,   1583.39,   1587.86
 46.,    840.00,      0.00,      0.00,      0.00,      0.00,      0.00,      0.00,      0.00,      0.00,   1580.54,   1585.96
 46.,    900.00,      0.00,      0.00,      0.00,      0.00,      0.00,      0.00,      0.00,      0.00,   1578.13,   1584.16
 46.,    960.00,      0.00,      0.00,      0.00,      0.00,      0.00,      0.00,      0.00,      0.00,   1576.09,   1582.50
 46.,   1020.00,      0.00,      0.00,      0.00,      0.00,      0.00,      0.00,      0.00,      0.00,   1574.44,   1580.99
 46.,   1080.00,      0.00,      0.00,      0.00,      0.00,      0.00,      0.00,      0.00,      0.00,   1573.18,   1579.64
 46.,   1140.00,      0.00,      0.00,      0.00,      0.00,      0.00,      0.00,      0.00,      0.00,   1572.58,   1578.48
 46.,   1200.00,      0.00,      0.00,      0.00,      0.00,      0.00,      0.00,      0.00,      0.00,   1571.78,   1577.49
 46.,   1260.00,      0.00,      0.00,      0.00,      0.00,      0.00,      0.00,      0.00,      0.00,   1571.44,   1576.63
 46.,   1320.00,      0.00,      0.00,      0.00,      0.00,      0.00,      0.00,      0.00,      0.00,   1570.83,   1575.88
 46.,   1380.00,      0.00,      0.00,      0.00,      0.00,      0.00,      0.00,      0.00,      0.00,   1570.65,   1575.22
 74.,      0.00,      0.00,      0.00,      0.00,      0.00,      0.00,      0.00,      0.00,      0.00,   1570.14,   1574.14
 74.,     60.00,      0.00,      0.00,      0.00,      0.00,      0.00,      0.00,      0.00,      0.00,   1647.38,   1636.86
 74.,    120.00,      0.00,      0.00,      0.00,      0.00,      0.00,      0.00,      0.00,      0.00,   1629.24,   1626.29
 74.,    180.00,      0.00,      0.00,      0.00,      0.00,      0.00,      0.00,      0.00,      0.00,   1620.88,   1619.81
 74.,    240.00,      0.00,      0.00,      0.00,      0.00,      0.00,      0.00,      0.00,      0.00,   1615.64,   1615.39
 74.,    300.00,      0.00,      0.00,      0.00,      0.00,      0.00,      0.00,      0.00,      0.00,   1611.94,   1612.10
 74.,    360.00,      0.00,      0.00,      0.00,      0.00,      0.00,      0.00,      0.00,      0.00,   1609.16,   1609.52
 74.,    420.00,      0.00,      0.00,      0.00,      0.00,      0.00,      0.00,      0.00,      0.00,   1606.87,   1607.41
 74.,    480.00,      0.00,      0.00,      0.00,      0.00,      0.00,      0.00,      0.00,      0.00,   1604.77,   1605.59
 74.,    540.00,      0.00,      0.00,      0.00,      0.00,      0.00,      0.00,      0.00,      0.00,   1602.68,   1603.93
 74.,    600.00,      0.00,      0.00,      0.00,      0.00,      0.00,      0.00,      0.00,      0.00,   1600.57,   1602.35
 74.,    660.00,      0.00,      0.00,      0.00,      0.00,      0.00,      0.00,      0.00,      0.00,   1598.41,   1600.79
 74.,    720.00,      0.00,      0.00,      0.00,      0.00,      0.00,      0.00,      0.00,      0.00,   1594.07,   1598.90
 74.,    780.00,      0.00,      0.00,      0.00,      0.00,      0.00,      0.00,      0.00,      0.00,   1591.29,   1596.89
 74.,    840.00,      0.00,      0.00,      0.00,      0.00,      0.00,      0.00,      0.00,      0.00,   1588.55,   1594.98
 74.,    900.00,      0.00,      0.00,      0.00,      0.00,      0.00,      0.00,      0.00,      0.00,   1586.28,   1593.18
 74.,    960.00,      0.00,      0.00,      0.00,      0.00,      0.00,      0.00,      0.00,      0.00,   1584.39,   1591.53
 74.,   1020.00,      0.00,      0.00,      0.00,      0.00,      0.00,      0.00,      0.00,      0.00,   1582.88,   1590.04
 74.,   1080.00,      0.00,      0.00,      0.00,      0.00,      0.00,      0.00,      0.00,      0.00,   1581.76,   1588.72
 74.,   1140.00,      0.00,      0.00,      0.00,      0.00,      0.00,      0.00,      0.00,      0.00,   1581.20,   1587.61
 74.,   1200.00,      0.00,      0.00,      0.00,      0.00,      0.00,      0.00,      0.00,      0.00,   1580.70,   1586.68
 74.,   1260.00,      0.00,      0.00,      0.00,      0.00,      0.00,      0.00,      0.00,      0.00,   1580.37,   1585.88
 74.,   1320.00,      0.00,      0.00,      0.00,      0.00,      0.00,      0.00,      0.00,      0.00,   1579.99,   1585.20
 74.,   1380.00,      0.00,      0.00,      0.00,      0.00,      0.00,      0.00,      0.00,      0.00,   1579.78,   1584.60
105.,      0.00,      0.00,      0.00,      0.00,      0.00,      0.00,      0.00,      0.00,      0.00,   1579.41,   1583.62
105.,     60.00,      0.00,      0.00,      0.00,      0.00,      0.00,      0.00,      0.00,      0.00,   1660.42,   1652.91
105.,    120.00,      0.00,      0.00,      0.00,      0.00,      0.00,      0.00,      0.00,      0.00,   1640.56,   1639.35
105.,    180.00,      0.00,      0.00,      0.00,      0.00,      0.00,      0.00,      0.00,      0.00,   1631.68,   1631.92
105.,    240.00,      0.00,      0.00,      0.00,      0.00,      0.00,      0.00,      0.00,      0.00,   1626.21,   1627.01
105.,    300.00,      0.00,      0.00,      0.00,      0.00,      0.00,      0.00,      0.00,      0.00,   1622.41,   1623.44
105.,    360.00,      0.00,      0.00,      0.00,      0.00,      0.00,      0.00,      0.00,      0.00,   1619.44,   1620.65
105.,    420.00,      0.00,      0.00,      0.00,      0.00,      0.00,      0.00,      0.00,      0.00,   1616.85,   1618.32
105.,    480.00,      0.00,      0.00,      0.00,      0.00,      0.00,      0.00,      0.00,      0.00,   1614.45,   1616.26
105.,    540.00,      0.00,      0.00,      0.00,      0.00,      0.00,      0.00,      0.00,      0.00,   1612.17,   1614.36
105.,    600.00,      0.00,      0.00,      0.00,      0.00,      0.00,      0.00,      0.00,      0.00,   1610.01,   1612.59
105.,    660.00,      0.00,      0.00,      0.00,      0.00,      0.00,      0.00,      0.00,      0.00,   1607.13,   1610.73
105.,    720.00,      0.00,      0.00,      0.00,      0.00,      0.00,      0.00,      0.00,      0.00,   1603.48,   1608.64
105.,    780.00,      0.00,      0.00,      0.00,      0.00,      0.00,      0.00,      0.00,      0.00,   1600.07,   1606.43
105.,    840.00,      0.00,      0.00,      0.00,      0.00,      0.00,      0.00,      0.00,      0.00,   1597.23,   1604.29
105.,    900.00,      0.00,      0.00,      0.00,      0.00,      0.00,      0.00,      0.00,      0.00,   1595.26,   1602.37
105.,    960.00,      0.00,      0.00,      0.00,      0.00,      0.00,      0.00,      0.00,      0.00,   1593.57,   1600.68
105.,   1020.00,      0.00,      0.00,      0.00,      0.00,      0.00,      0.00,      0.00,      0.00,   1592.19,   1599.19
105.,   1080.00,      0.00,      0.00,      0.00,      0.00,      0.00,      0.00,      0.00,      0.00,   1591.13,   1597.88
105.,   1140.00,      0.00,      0.00,      0.00,      0.00,      0.00,      0.00,      0.00,      0.00,   1590.36,   1596.75
105.,   1200.00,      0.00,      0.00,      0.00,      0.00,      0.00,      0.00,      0.00,      0.00,   1590.01,   1595.82
105.,   1260.00,      0.00,      0.00,      0.00,      0.00,      0.00,      0.00,      0.00,      0.00,   1589.62,   1595.03
105.,   1320.00,      0.00,      0.00,      0.00,      0.00,      0.00,      0.00,      0.00,      0.00,   1589.36,   1594.36
105.,   1380.00,      0.00,      0.00,      0.00,      0.00,      0.00,      0.00,      0.00,      0.00,   1589.05,   1593.77
135.,      0.00,      0.00,      0.00,      0.00,      0.00,      0.00,      0.00,      0.00,      0.00,   1588.65,   1592.79
135.,     60.00,      0.00,      0.00,      0.00,      0.00,      0.00,      0.00,      0.00,      0.00,   1654.03,   1648.01
135.,    120.00,      0.00,      0.00,      0.00,      0.00,      0.00,      0.00,      0.00,      0.00,   1637.71,   1637.21
135.,    180.00,      0.00,      0.00,      0.00,      0.00,      0.00,      0.00,      0.00,      0.00,   1630.30,   1631.06
135.,    240.00,      0.00,      0.00,      0.00,      0.00,      0.00,      0.00,      0.00,      0.00,   1625.85,   1627.00
135.,    300.00,      0.00,      0.00,      0.00,      0.00,      0.00,      0.00,      0.00,      0.00,   1622.63,   1624.01
135.,    360.00,      0.00,      0.00,      0.00,      0.00,      0.00,      0.00,      0.00,      0.00,   1619.89,   1621.60
135.,    420.00,      0.00,      0.00,      0.00,      0.00,      0.00,      0.00,      0.00,      0.00,   1617.54,   1619.53
135.,    480.00,      0.00,      0.00,      0.00,      0.00,      0.00,      0.00,      0.00,      0.00,   1615.28,   1617.66
135.,    540.00,      0.00,      0.00,      0.00,      0.00,      0.00,      0.00,      0.00,      0.00,   1613.06,   1615.89
135.,    600.00,      0.00,      0.00,      0.00,      0.00,      0.00,      0.00,      0.00,      0.00,   1610.67,   1614.14
135.,    660.00,      0.00,      0.00,      0.00,      0.00,      0.00,      0.00,      0.00,      0.00,   1608.06,   1612.35
135.,    720.00,      0.00,      0.00,      0.00,      0.00,      0.00,      0.00,      0.00,      0.00,   1604.12,   1610.25
135.,    780.00,      0.00,      0.00,      0.00,      0.00,      0.00,      0.00,      0.00,      0.00,   1601.26,   1608.12
135.,    840.00,      0.00,      0.00,      0.00,      0.00,      0.00,      0.00,      0.00,      0.00,   1598.58,   1606.10
135.,    900.00,      0.00,      0.00,      0.00,      0.00,      0.00,      0.00,      0.00,      0.00,   1596.59,   1604.26
135.,    960.00,      0.00,      0.00,      0.00,      0.00,      0.00,      0.00,      0.00,      0.00,   1594.99,   1602.63
135.,   1020.00,      0.00,      0.00,      0.00,      0.00,      0.00,      0.00,      0.00,      0.00,   1593.70,   1601.20
135.,   1080.00,      0.00,      0.00,      0.00,      0.00,      0.00,      0.00,      0.00,      0.00,   1592.70,   1599.95
135.,   1140.00,      0.00,      0.00,      0.00,      0.00,      0.00,      0.00,      0.00,      0.00,   1591.98,   1598.86
135.,   1200.00,      0.00,      0.00,      0.00,      0.00,      0.00,      0.00,      0.00,      0.00,   1591.55,   1597.95
135.,   1260.00,      0.00,      0.00,      0.00,      0.00,      0.00,      0.00,      0.00,      0.00,   1591.39,   1597.21
135.,   1320.00,      0.00,      0.00,      0.00,      0.00,      0.00,      0.00,      0.00,      0.00,   1591.15,   1596.59
135.,   1380.00,      0.00,      0.00,      0.00,      0.00,      0.00,      0.00,      0.00,      0.00,   1591.04,   1596.06
166.,      0.00,      0.00,      0.00,      0.00,      0.00,      0.00,      0.00,      0.00,      0.00,   1590.81,   1595.20
166.,     60.00,      0.00,      0.00,      0.00,      0.00,      0.00,      0.00,      0.00,      0.00,   1644.78,   1638.93
166.,    120.00,      0.00,      0.00,      0.00,      0.00,      0.00,      0.00,      0.00,      0.00,   1631.32,   1630.91
166.,    180.00,      0.00,      0.00,      0.00,      0.00,      0.00,      0.00,      0.00,      0.00,   1625.23,   1626.07
166.,    240.00,      0.00,      0.00,      0.00,      0.00,      0.00,      0.00,      0.00,      0.00,   1621.60,   1622.82
166.,    300.00,      0.00,      0.00,      0.00,      0.00,      0.00,      0.00,      0.00,      0.00,   1618.93,   1620.41
166.,    360.00,      0.00,      0.00,      0.00,      0.00,      0.00,      0.00,      0.00,      0.00,   1616.63,   1618.44
166.,    420.00,      0.00,      0.00,      0.00,      0.00,      0.00,      0.00,      0.00,      0.00,   1614.56,   1616.72
166.,    480.00,      0.00,      0.00,      0.00,      0.00,      0.00,      0.00,      0.00,      0.00,   1612.52,   1615.12
166.,    540.00,      0.00,      0.00,      0.00,      0.00,      0.00,      0.00,      0.00,      0.00,   1610.46,   1613.58
166.,    600.00,      0.00,      0.00,      0.00,      0.00,      0.00,      0.00,      0.00,      0.00,   1608.19,   1612.01
166.,    660.00,      0.00,      0.00,      0.00,      0.00,      0.00,      0.00,      0.00,      0.00,   1605.66,   1610.36
166.,    720.00,      0.00,      0.00,      0.00,      0.00,      0.00,      0.00,      0.00,      0.00,   1602.35,   1608.51
166.,    780.00,      0.00,      0.00,      0.00,      0.00,      0.00,      0.00,      0.00,      0.00,   1598.80,   1606.46
166.,    840.00,      0.00,      0.00,      0.00,      0.00,      0.00,      0.00,      0.00,      0.00,   1596.51,   1604.51
166.,    900.00,      0.00,      0.00,      0.00,      0.00,      0.00,      0.00,      0.00,      0.00,   1594.75,   1602.80
166.,    960.00,      0.00,      0.00,      0.00,      0.00,      0.00,      0.00,      0.00,      0.00,   1593.23,   1601.28
166.,   1020.00,      0.00,      0.00,      0.00,      0.00,      0.00,      0.00,      0.00,      0.00,   1592.00,   1599.94
166.,   1080.00,      0.00,      0.00,      0.00,      0.00,      0.00,      0.00,      0.00,      0.00,   1591.07,   1598.76
166.,   1140.00,      0.00,      0.00,      0.00,      0.00,      0.00,      0.00,      0.00,      0.00,   1590.50,   1597.76
166.,   1200.00,      0.00,      0.00,      0.00,      0.00,      0.00,      0.00,      0.00,      0.00,   1590.03,   1596.90
166.,   1260.00,      0.00,      0.00,      0.00,      0.00,      0.00,      0.00,      0.00,      0.00,   1590.12,   1596.23
166.,   1320.00,      0.00,      0.00,      0.00,      0.00,      0.00,      0.00,      0.00,      0.00,   1589.88,   1595.68
166.,   1380.00,      0.00,      0.00,      0.00,      0.00,      0.00,      0.00,      0.00,      0.00,   1590.05,   1595.24
196.,      0.00,      0.00,      0.00,      0.00,      0.00,      0.00,      0.00,      0.00,      0.00,   1590.04,   1594.53
196.,     60.00,      0.00,      0.00,      0.00,      0.00,      0.00,      0.00,      0.00,      0.00,   1644.17,   1638.42
196.,    120.00,      0.00,      0.00,      0.00,      0.00,      0.00,      0.00,      0.00,      0.00,   1630.75,   1630.44
196.,    180.00,      0.00,      0.00,      0.00,      0.00,      0.00,      0.00,      0.00,      0.00,   1624.71,   1625.65
196.,    240.00,      0.00,      0.00,      0.00,      0.00,      0.00,      0.00,      0.00,      0.00,   1621.18,   1622.46
196.,    300.00,      0.00,      0.00,      0.00,      0.00,      0.00,      0.00,      0.00,      0.00,   1618.59,   1620.12
196.,    360.00,      0.00,      0.00,      0.00,      0.00,      0.00,      0.00,      0.00,      0.00,   1616.31,   1618.20
196.,    420.00,      0.00,      0.00,      0.00,      0.00,      0.00,      0.00,      0.00,      0.00,   1614.26,   1616.51
196.,    480.00,      0.00,      0.00,      0.00,      0.00,      0.00,      0.00,      0.00,      0.00,   1612.19,   1614.93
196.,    540.00,      0.00,      0.00,      0.00,      0.00,      0.00,      0.00,      0.00,      0.00,   1610.08,   1613.39
196.,    600.00,      0.00,      0.00,      0.00,      0.00,      0.00,      0.00,      0.00,      0.00,   1607.71,   1611.81
196.,    660.00,      0.00,      0.00,      0.00,      0.00,      0.00,      0.00,      0.00,      0.00,   1605.08,   1610.13
196.,    720.00,      0.00,      0.00,      0.00,      0.00,      0.00,      0.00,      0.00,      0.00,   1600.89,   1608.10
196.,    780.00,      0.00,      0.00,      0.00,      0.00,      0.00,      0.00,      0.00,      0.00,   1598.04,   1606.02
196.,    840.00,      0.00,      0.00,      0.00,      0.00,      0.00,      0.00,      0.00,      0.00,   1595.62,   1604.09
196.,    900.00,      0.00,      0.00,      0.00,      0.00,      0.00,      0.00,      0.00,      0.00,   1593.65,   1602.35
196.,    960.00,      0.00,      0.00,      0.00,      0.00,      0.00,      0.00,      0.00,      0.00,   1592.03,   1600.78
196.,   1020.00,      0.00,      0.00,      0.00,      0.00,      0.00,      0.00,      0.00,      0.00,   1590.75,   1599.39
196.,   1080.00,      0.00,      0.00,      0.00,      0.00,      0.00,      0.00,      0.00,      0.00,   1589.82,   1598.18
196.,   1140.00,      0.00,      0.00,      0.00,      0.00,      0.00,      0.00,      0.00,      0.00,   1589.30,   1597.16
196.,   1200.00,      0.00,      0.00,      0.00,      0.00,      0.00,      0.00,      0.00,      0.00,   1588.83,   1596.30
196.,   1260.00,      0.00,      0.00,      0.00,      0.00,      0.00,      0.00,      0.00,      0.00,   1589.07,   1595.64
196.,   1320.00,      0.00,      0.00,      0.00,      0.00,      0.00,      0.00,      0.00,      0.00,   1588.78,   1595.09
196.,   1380.00,      0.00,      0.00,      0.00,      0.00,      0.00,      0.00,      0.00,      0.00,   1589.13,   1594.67
227.,      0.00,      0.00,      0.00,      0.00,      0.00,      0.00,      0.00,      0.00,      0.00,   1589.22,   1594.00
227.,     60.00,      0.00,      0.00,      0.00,      0.00,      0.00,      0.00,      0.00,      0.00,   1644.06,   1638.19
227.,    120.00,      0.00,      0.00,      0.00,      0.00,      0.00,      0.00,      0.00,      0.00,   1630.58,   1630.28
227.,    180.00,      0.00,      0.00,      0.00,      0.00,      0.00,      0.00,      0.00,      0.00,   1624.50,   1625.50
227.,    240.00,      0.00,      0.00,      0.00,      0.00,      0.00,      0.00,      0.00,      0.00,   1620.82,   1622.28
227.,    300.00,      0.00,      0.00,      0.00,      0.00,      0.00,      0.00,      0.00,      0.00,   1618.32,   1619.95
227.,    360.00,      0.00,      0.00,      0.00,      0.00,      0.00,      0.00,      0.00,      0.00,   1616.34,   1618.12
227.,    420.00,      0.00,      0.00,      0.00,      0.00,      0.00,      0.00,      0.00,      0.00,   1614.50,   1616.55
227.,    480.00,      0.00,      0.00,      0.00,      0.00,      0.00,      0.00,      0.00,      0.00,   1612.60,   1615.10
227.,    540.00,      0.00,      0.00,      0.00,      0.00,      0.00,      0.00,      0.00,      0.00,   1610.69,   1613.68
227.,    600.00,      0.00,      0.00,      0.00,      0.00,      0.00,      0.00,      0.00,      0.00,   1608.78,   1612.28
227.,    660.00,      0.00,      0.00,      0.00,      0.00,      0.00,      0.00,      0.00,      0.00,   1605.91,   1610.69
227.,    720.00,      0.00,      0.00,      0.00,      0.00,      0.00,      0.00,      0.00,      0.00,   1602.06,   1608.74
227.,    780.00,      0.00,      0.00,      0.00,      0.00,      0.00,      0.00,      0.00,      0.00,   1599.06,   1606.71
227.,    840.00,      0.00,      0.00,      0.00,      0.00,      0.00,      0.00,      0.00,      0.00,   1596.68,   1604.82
227.,    900.00,      0.00,      0.00,      0.00,      0.00,      0.00,      0.00,      0.00,      0.00,   1594.74,   1603.10
227.,    960.00,      0.00,      0.00,      0.00,      0.00,      0.00,      0.00,      0.00,      0.00,   1593.09,   1601.56
227.,   1020.00,      0.00,      0.00,      0.00,      0.00,      0.00,      0.00,      0.00,      0.00,   1591.77,   1600.18
227.,   1080.00,      0.00,      0.00,      0.00,      0.00,      0.00,      0.00,      0.00,      0.00,   1590.82,   1598.98
227.,   1140.00,      0.00,      0.00,      0.00,      0.00,      0.00,      0.00,      0.00,      0.00,   1590.34,   1597.97
227.,   1200.00,      0.00,      0.00,      0.00,      0.00,      0.00,      0.00,      0.00,      0.00,   1590.04,   1597.15
227.,   1260.00,      0.00,      0.00,      0.00,      0.00,      0.00,      0.00,      0.00,      0.00,   1590.23,   1596.53
227.,   1320.00,      0.00,      0.00,      0.00,      0.00,      0.00,      0.00,      0.00,      0.00,   1589.95,   1596.01
227.,   1380.00,      0.00,      0.00,      0.00,      0.00,      0.00,      0.00,      0.00,      0.00,   1590.23,   1595.60
258.,      0.00,      0.00,      0.00,      0.00,      0.00,      0.00,      0.00,      0.00,      0.00,   1590.29,   1594.94
258.,     60.00,      0.00,      0.00,      0.00,      0.00,      0.00,      0.00,      0.00,      0.00,   1654.91,   1649.51
258.,    120.00,      0.00,      0.00,      0.00,      0.00,      0.00,      0.00,      0.00,      0.00,   1638.93,   1638.89
258.,    180.00,      0.00,      0.00,      0.00,      0.00,      0.00,      0.00,      0.00,      0.00,   1631.72,   1632.93
258.,    240.00,      0.00,      0.00,      0.00,      0.00,      0.00,      0.00,      0.00,      0.00,   1627.32,   1629.00
258.,    300.00,      0.00,      0.00,      0.00,      0.00,      0.00,      0.00,      0.00,      0.00,   1624.34,   1626.15
258.,    360.00,      0.00,      0.00,      0.00,      0.00,      0.00,      0.00,      0.00,      0.00,   1622.05,   1623.95
258.,    420.00,      0.00,      0.00,      0.00,      0.00,      0.00,      0.00,      0.00,      0.00,   1619.98,   1622.11
258.,    480.00,      0.00,      0.00,      0.00,      0.00,      0.00,      0.00,      0.00,      0.00,   1618.14,   1620.48
258.,    540.00,      0.00,      0.00,      0.00,      0.00,      0.00,      0.00,      0.00,      0.00,   1616.22,   1618.96
258.,    600.00,      0.00,      0.00,      0.00,      0.00,      0.00,      0.00,      0.00,      0.00,   1614.24,   1617.45
258.,    660.00,      0.00,      0.00,      0.00,      0.00,      0.00,      0.00,      0.00,      0.00,   1611.90,   1615.88
258.,    720.00,      0.00,      0.00,      0.00,      0.00,      0.00,      0.00,      0.00,      0.00,   1608.09,   1613.93
258.,    780.00,      0.00,      0.00,      0.00,      0.00,      0.00,      0.00,      0.00,      0.00,   1605.47,   1611.94
258.,    840.00,      0.00,      0.00,      0.00,      0.00,      0.00,      0.00,      0.00,      0.00,   1602.93,   1610.04
258.,    900.00,      0.00,      0.00,      0.00,      0.00,      0.00,      0.00,      0.00,      0.00,   1601.16,   1608.33
258.,    960.00,      0.00,      0.00,      0.00,      0.00,      0.00,      0.00,      0.00,      0.00,   1599.67,   1606.83
258.,   1020.00,      0.00,      0.00,      0.00,      0.00,      0.00,      0.00,      0.00,      0.00,   1598.36,   1605.49
258.,   1080.00,      0.00,      0.00,      0.00,      0.00,      0.00,      0.00,      0.00,      0.00,   1597.49,   1604.32
258.,   1140.00,      0.00,      0.00,      0.00,      0.00,      0.00,      0.00,      0.00,      0.00,   1596.80,   1603.33
258.,   1200.00,      0.00,      0.00,      0.00,      0.00,      0.00,      0.00,      0.00,      0.00,   1596.71,   1602.54
258.,   1260.00,      0.00,      0.00,      0.00,      0.00,      0.00,      0.00,      0.00,      0.00,   1596.32,   1601.89
258.,   1320.00,      0.00,      0.00,      0.00,      0.00,      0.00,      0.00,      0.00,      0.00,   1596.28,   1601.35
258.,   1380.00,      0.00,      0.00,      0.00,      0.00,      0.00,      0.00,      0.00,      0.00,   1595.98,   1600.87
288.,      0.00,      0.00,      0.00,      0.00,      0.00,      0.00,      0.00,      0.00,      0.00,   1595.79,   1600.11
288.,     60.00,      0.00,      0.00,      0.00,      0.00,      0.00,      0.00,      0.00,      0.00,   1666.30,   1662.00
288.,    120.00,      0.00,      0.00,      0.00,      0.00,      0.00,      0.00,      0.00,      0.00,   1647.95,   1648.64
288.,    180.00,      0.00,      0.00,      0.00,      0.00,      0.00,      0.00,      0.00,      0.00,   1639.81,   1641.60
288.,    240.00,      0.00,      0.00,      0.00,      0.00,      0.00,      0.00,      0.00,      0.00,   1634.81,   1636.99
288.,    300.00,      0.00,      0.00,      0.00,      0.00,      0.00,      0.00,      0.00,      0.00,   1631.29,   1633.64
288.,    360.00,      0.00,      0.00,      0.00,      0.00,      0.00,      0.00,      0.00,      0.00,   1628.67,   1631.06
288.,    420.00,      0.00,      0.00,      0.00,      0.00,      0.00,      0.00,      0.00,      0.00,   1626.55,   1628.96
288.,    480.00,      0.00,      0.00,      0.00,      0.00,      0.00,      0.00,      0.00,      0.00,   1624.62,   1627.15
288.,    540.00,      0.00,      0.00,      0.00,      0.00,      0.00,      0.00,      0.00,      0.00,   1622.78,   1625.52
288.,    600.00,      0.00,      0.00,      0.00,      0.00,      0.00,      0.00,      0.00,      0.00,   1620.99,   1623.98
288.,    660.00,      0.00,      0.00,      0.00,      0.00,      0.00,      0.00,      0.00,      0.00,   1619.25,   1622.51
288.,    720.00,      0.00,      0.00,      0.00,      0.00,      0.00,      0.00,      0.00,      0.00,   1615.63,   1620.62
288.,    780.00,      0.00,      0.00,      0.00,      0.00,      0.00,      0.00,      0.00,      0.00,   1613.05,   1618.65
288.,    840.00,      0.00,      0.00,      0.00,      0.00,      0.00,      0.00,      0.00,      0.00,   1611.17,   1616.88
288.,    900.00,      0.00,      0.00,      0.00,      0.00,      0.00,      0.00,      0.00,      0.00,   1609.52,   1615.31
288.,    960.00,      0.00,      0.00,      0.00,      0.00,      0.00,      0.00,      0.00,      0.00,   1607.84,   1613.84
288.,   1020.00,      0.00,      0.00,      0.00,      0.00,      0.00,      0.00,      0.00,      0.00,   1606.78,   1612.56
288.,   1080.00,      0.00,      0.00,      0.00,      0.00,      0.00,      0.00,      0.00,      0.00,   1605.51,   1611.37
288.,   1140.00,      0.00,      0.00,      0.00,      0.00,      0.00,      0.00,      0.00,      0.00,   1605.31,   1610.45
288.,   1200.00,      0.00,      0.00,      0.00,      0.00,      0.00,      0.00,      0.00,      0.00,   1604.46,   1609.62
288.,   1260.00,      0.00,      0.00,      0.00,      0.00,      0.00,      0.00,      0.00,      0.00,   1604.42,   1608.96
288.,   1320.00,      0.00,      0.00,      0.00,      0.00,      0.00,      0.00,      0.00,      0.00,   1603.69,   1608.32
288.,   1380.00,      0.00,      0.00,      0.00,      0.00,      0.00,      0.00,      0.00,      0.00,   1603.70,   1607.80
319.,      0.00,      0.00,      0.00,      0.00,      0.00,      0.00,      0.00,      0.00,      0.00,   1603.13,   1606.88
319.,     60.00,      0.00,      0.00,      0.00,      0.00,      0.00,      0.00,      0.00,      0.00,   1677.26,   1674.14
319.,    120.00,      0.00,      0.00,      0.00,      0.00,      0.00,      0.00,      0.00,      0.00,   1656.48,   1658.09
319.,    180.00,      0.00,      0.00,      0.00,      0.00,      0.00,      0.00,      0.00,      0.00,   1647.56,   1650.06
319.,    240.00,      0.00,      0.00,      0.00,      0.00,      0.00,      0.00,      0.00,      0.00,   1642.09,   1644.89
319.,    300.00,      0.00,      0.00,      0.00,      0.00,      0.00,      0.00,      0.00,      0.00,   1638.23,   1641.14
319.,    360.00,      0.00,      0.00,      0.00,      0.00,      0.00,      0.00,      0.00,      0.00,   1635.29,   1638.22
319.,    420.00,      0.00,      0.00,      0.00,      0.00,      0.00,      0.00,      0.00,      0.00,   1632.95,   1635.86
319.,    480.00,      0.00,      0.00,      0.00,      0.00,      0.00,      0.00,      0.00,      0.00,   1630.98,   1633.88
319.,    540.00,      0.00,      0.00,      0.00,      0.00,      0.00,      0.00,      0.00,      0.00,   1629.19,   1632.14
319.,    600.00,      0.00,      0.00,      0.00,      0.00,      0.00,      0.00,      0.00,      0.00,   1627.45,   1630.54
319.,    660.00,      0.00,      0.00,      0.00,      0.00,      0.00,      0.00,      0.00,      0.00,   1625.71,   1629.02
319.,    720.00,      0.00,      0.00,      0.00,      0.00,      0.00,      0.00,      0.00,      0.00,   1622.66,   1627.18
319.,    780.00,      0.00,      0.00,      0.00,      0.00,      0.00,      0.00,      0.00,      0.00,   1620.60,   1625.37
319.,    840.00,      0.00,      0.00,      0.00,      0.00,      0.00,      0.00,      0.00,      0.00,   1618.27,   1623.60
319.,    900.00,      0.00,      0.00,      0.00,      0.00,      0.00,      0.00,      0.00,      0.00,   1616.74,   1622.01
319.,    960.00,      0.00,      0.00,      0.00,      0.00,      0.00,      0.00,      0.00,      0.00,   1615.28,   1620.58
319.,   1020.00,      0.00,      0.00,      0.00,      0.00,      0.00,      0.00,      0.00,      0.00,   1614.00,   1619.28
319.,   1080.00,      0.00,      0.00,      0.00,      0.00,      0.00,      0.00,      0.00,      0.00,   1613.10,   1618.15
319.,   1140.00,      0.00,      0.00,      0.00,      0.00,      0.00,      0.00,      0.00,      0.00,   1612.44,   1617.20
319.,   1200.00,      0.00,      0.00,      0.00,      0.00,      0.00,      0.00,      0.00,      0.00,   1611.82,   1616.37
319.,   1260.00,      0.00,      0.00,      0.00,      0.00,      0.00,      0.00,      0.00,      0.00,   1611.27,   1615.63
319.,   1320.00,      0.00,      0.00,      0.00,      0.00,      0.00,      0.00,      0.00,      0.00,   1610.78,   1614.96
319.,   1380.00,      0.00,      0.00,      0.00,      0.00,      0.00,      0.00,      0.00,      0.00,   1610.35,   1614.36
349.,      0.00,      0.00,      0.00,      0.00,      0.00,      0.00,      0.00,      0.00,      0.00,   1609.65,   1613.33
349.,     60.00,      0.00,      0.00,      0.00,      0.00,      0.00,      0.00,      0.00,      0.00,   1671.31,   1669.08
349.,    120.00,      0.00,      0.00,      0.00,      0.00,      0.00,      0.00,      0.00,      0.00,   1653.92,   1655.77
349.,    180.00,      0.00,      0.00,      0.00,      0.00,      0.00,      0.00,      0.00,      0.00,   1646.13,   1648.82
349.,    240.00,      0.00,      0.00,      0.00,      0.00,      0.00,      0.00,      0.00,      0.00,   1641.29,   1644.27
349.,    300.00,      0.00,      0.00,      0.00,      0.00,      0.00,      0.00,      0.00,      0.00,   1637.84,   1640.92
349.,    360.00,      0.00,      0.00,      0.00,      0.00,      0.00,      0.00,      0.00,      0.00,   1635.21,   1638.30
349.,    420.00,      0.00,      0.00,      0.00,      0.00,      0.00,      0.00,      0.00,      0.00,   1633.11,   1636.17
349.,    480.00,      0.00,      0.00,      0.00,      0.00,      0.00,      0.00,      0.00,      0.00,   1631.35,   1634.38
349.,    540.00,      0.00,      0.00,      0.00,      0.00,      0.00,      0.00,      0.00,      0.00,   1629.71,   1632.80
349.,    600.00,      0.00,      0.00,      0.00,      0.00,      0.00,      0.00,      0.00,      0.00,   1628.16,   1631.35
349.,    660.00,      0.00,      0.00,      0.00,      0.00,      0.00,      0.00,      0.00,      0.00,   1626.59,   1629.96
349.,    720.00,      0.00,      0.00,      0.00,      0.00,      0.00,      0.00,      0.00,      0.00,   1623.83,   1628.27
349.,    780.00,      0.00,      0.00,      0.00,      0.00,      0.00,      0.00,      0.00,      0.00,   1621.87,   1626.60
349.,    840.00,      0.00,      0.00,      0.00,      0.00,      0.00,      0.00,      0.00,      0.00,   1619.78,   1624.95
349.,    900.00,      0.00,      0.00,      0.00,      0.00,      0.00,      0.00,      0.00,      0.00,   1618.54,   1623.53
349.,    960.00,      0.00,      0.00,      0.00,      0.00,      0.00,      0.00,      0.00,      0.00,   1617.08,   1622.21
349.,   1020.00,      0.00,      0.00,      0.00,      0.00,      0.00,      0.00,      0.00,      0.00,   1615.82,   1620.98
349.,   1080.00,      0.00,      0.00,      0.00,      0.00,      0.00,      0.00,      0.00,      0.00,   1614.99,   1619.92
349.,   1140.00,      0.00,      0.00,      0.00,      0.00,      0.00,      0.00,      0.00,      0.00,   1614.32,   1619.01
349.,   1200.00,      0.00,      0.00,      0.00,      0.00,      0.00,      0.00,      0.00,      0.00,   1613.69,   1618.20
349.,   1260.00,      0.00,      0.00,      0.00,      0.00,      0.00,      0.00,      0.00,      0.00,   1613.16,   1617.49
349.,   1320.00,      0.00,      0.00,      0.00,      0.00,      0.00,      0.00,      0.00,      0.00,   1612.66,   1616.84
349.,   1380.00,      0.00,      0.00,      0.00,      0.00,      0.00,      0.00,      0.00,      0.00,   1612.24,   1616.26
