 JULDAY,   TIME,    CD1,    CD2,    CD3,    CD4,    CD5,    CD6,    CD7,    CD8,    CD9,   CD10
 15.,      0.00,      0.12,      0.12,      0.12,      0.12,      0.12,      0.12,      0.12,      0.12,      0.12,      0.13
 15.,     60.00,      0.25,      0.25,      0.25,      0.25,      0.25,      0.25,      0.25,      0.25,      0.25,      0.20
 15.,    120.00,      0.23,      0.23,      0.23,      0.23,      0.23,      0.23,      0.23,      0.23,      0.23,      0.21
 15.,    180.00,      0.22,      0.22,      0.22,      0.22,      0.22,      0.22,      0.22,      0.22,      0.22,      0.21
 15.,    240.00,      0.22,      0.22,      0.22,      0.22,      0.22,      0.22,      0.22,      0.22,      0.22,      0.21
 15.,    300.00,      0.21,      0.21,      0.21,      0.21,      0.21,      0.21,      0.21,      0.21,      0.21,      0.20
 15.,    360.00,      0.21,      0.21,      0.21,      0.21,      0.21,      0.21,      0.21,      0.21,      0.21,      0.20
 15.,    420.00,      0.21,      0.21,      0.21,      0.21,      0.21,      0.21,      0.21,      0.21,      0.21,      0.20
 15.,    480.00,      0.21,      0.21,      0.21,      0.21,      0.21,      0.21,      0.21,      0.21,      0.21,      0.20
 15.,    540.00,      0.21,      0.21,      0.21,      0.21,      0.21,      0.21,      0.21,      0.21,      0.21,      0.20
 15.,    600.00,      0.21,      0.21,      0.21,      0.21,      0.21,      0.21,      0.21,      0.21,      0.21,      0.20
 15.,    660.00,      0.21,      0.21,      0.21,      0.21,      0.21,      0.21,      0.21,      0.21,      0.21,      0.20
 15.,    720.00,      0.21,      0.21,      0.21,      0.21,      0.21,      0.21,      0.21,      0.21,      0.21,      0.20
 15.,    780.00,      0.20,      0.20,      0.20,      0.20,      0.20,      0.20,      0.20,      0.20,      0.20,      0.20
 15.,    840.00,      0.19,      0.19,      0.19,      0.19,      0.19,      0.19,      0.19,      0.19,      0.19,      0.20
 15.,    900.00,      0.19,      0.19,      0.19,      0.19,      0.19,      0.19,      0.19,      0.19,      0.19,      0.20
 15.,    960.00,      0.18,      0.18,      0.18,      0.18,      0.18,      0.18,      0.18,      0.18,      0.18,      0.20
 15.,   1020.00,      0.18,      0.18,      0.18,      0.18,      0.18,      0.18,      0.18,      0.18,      0.18,      0.20
 15.,   1080.00,      0.18,      0.18,      0.18,      0.18,      0.18,      0.18,      0.18,      0.18,      0.18,      0.19
 15.,   1140.00,      0.18,      0.18,      0.18,      0.18,      0.18,      0.18,      0.18,      0.18,      0.18,      0.19
 15.,   1200.00,      0.18,      0.18,      0.18,      0.18,      0.18,      0.18,      0.18,      0.18,      0.18,      0.19
 15.,   1260.00,      0.18,      0.18,      0.18,      0.18,      0.18,      0.18,      0.18,      0.18,      0.18,      0.19
 15.,   1320.00,      0.18,      0.18,      0.18,      0.18,      0.18,      0.18,      0.18,      0.18,      0.18,      0.19
 15.,   1380.00,      0.18,      0.18,      0.18,      0.18,      0.18,      0.18,      0.18,      0.18,      0.18,      0.19
 46.,      0.00,      0.18,      0.18,      0.18,      0.18,      0.18,      0.18,      0.18,      0.18,      0.18,      0.19
 46.,     60.00,      0.26,      0.26,      0.26,      0.26,      0.26,      0.26,      0.26,      0.26,      0.26,      0.24
 46.,    120.00,      0.24,      0.24,      0.24,      0.24,      0.24,      0.24,      0.24,      0.24,      0.24,      0.24
 46.,    180.00,      0.24,      0.24,      0.24,      0.24,      0.24,      0.24,      0.24,      0.24,      0.24,      0.23
 46.,    240.00,      0.23,      0.23,      0.23,      0.23,      0.23,      0.23,      0.23,      0.23,      0.23,      0.23
 46.,    300.00,      0.23,      0.23,      0.23,      0.23,      0.23,      0.23,      0.23,      0.23,      0.23,      0.23
 46.,    360.00,      0.23,      0.23,      0.23,      0.23,      0.23,      0.23,      0.23,      0.23,      0.23,      0.23
 46.,    420.00,      0.23,      0.23,      0.23,      0.23,      0.23,      0.23,      0.23,      0.23,      0.23,      0.23
 46.,    480.00,      0.23,      0.23,      0.23,      0.23,      0.23,      0.23,      0.23,      0.23,      0.23,      0.22
 46.,    540.00,      0.23,      0.23,      0.23,      0.23,      0.23,      0.23,      0.23,      0.23,      0.23,      0.22
 46.,    600.00,      0.23,      0.23,      0.23,      0.23,      0.23,      0.23,      0.23,      0.23,      0.23,      0.23
 46.,    660.00,      0.23,      0.23,      0.23,      0.23,      0.23,      0.23,      0.23,      0.23,      0.23,      0.23
 46.,    720.00,      0.23,      0.23,      0.23,      0.23,      0.23,      0.23,      0.23,      0.23,      0.23,      0.23
 46.,    780.00,      0.22,      0.22,      0.22,      0.22,      0.22,      0.22,      0.22,      0.22,      0.22,      0.22
 46.,    840.00,      0.21,      0.21,      0.21,      0.21,      0.21,      0.21,      0.21,      0.21,      0.21,      0.22
 46.,    900.00,      0.21,      0.21,      0.21,      0.21,      0.21,      0.21,      0.21,      0.21,      0.21,      0.22
 46.,    960.00,      0.20,      0.20,      0.20,      0.20,      0.20,      0.20,      0.20,      0.20,      0.20,      0.22
 46.,   1020.00,      0.20,      0.20,      0.20,      0.20,      0.20,      0.20,      0.20,      0.20,      0.20,      0.22
 46.,   1080.00,      0.20,      0.20,      0.20,      0.20,      0.20,      0.20,      0.20,      0.20,      0.20,      0.21
 46.,   1140.00,      0.20,      0.20,      0.20,      0.20,      0.20,      0.20,      0.20,      0.20,      0.20,      0.21
 46.,   1200.00,      0.20,      0.20,      0.20,      0.20,      0.20,      0.20,      0.20,      0.20,      0.20,      0.21
 46.,   1260.00,      0.20,      0.20,      0.20,      0.20,      0.20,      0.20,      0.20,      0.20,      0.20,      0.21
 46.,   1320.00,      0.20,      0.20,      0.20,      0.20,      0.20,      0.20,      0.20,      0.20,      0.20,      0.21
 46.,   1380.00,      0.20,      0.20,      0.20,      0.20,      0.20,      0.20,      0.20,      0.20,      0.20,      0.21
 74.,      0.00,      0.20,      0.20,      0.20,      0.20,      0.20,      0.20,      0.20,      0.20,      0.20,      0.21
 74.,     60.00,      0.26,      0.26,      0.26,      0.26,      0.26,      0.26,      0.26,      0.26,      0.26,      0.25
 74.,    120.00,      0.25,      0.25,      0.25,      0.25,      0.25,      0.25,      0.25,      0.25,      0.25,      0.25
 74.,    180.00,      0.24,      0.24,      0.24,      0.24,      0.24,      0.24,      0.24,      0.24,      0.24,      0.24
 74.,    240.00,      0.24,      0.24,      0.24,      0.24,      0.24,      0.24,      0.24,      0.24,      0.24,      0.24
 74.,    300.00,      0.24,      0.24,      0.24,      0.24,      0.24,      0.24,      0.24,      0.24,      0.24,      0.24
 74.,    360.00,      0.23,      0.23,      0.23,      0.23,      0.23,      0.23,      0.23,      0.23,      0.23,      0.24
 74.,    420.00,      0.23,      0.23,      0.23,      0.23,      0.23,      0.23,      0.23,      0.23,      0.23,      0.23
 74.,    480.00,      0.24,      0.24,      0.24,      0.24,      0.24,      0.24,      0.24,      0.24,      0.24,      0.23
 74.,    540.00,      0.24,      0.24,      0.24,      0.24,      0.24,      0.24,      0.24,      0.24,      0.24,      0.24
 74.,    600.00,      0.24,      0.24,      0.24,      0.24,      0.24,      0.24,      0.24,      0.24,      0.24,      0.24
 74.,    660.00,      0.24,      0.24,      0.24,      0.24,      0.24,      0.24,      0.24,      0.24,      0.24,      0.24
 74.,    720.00,      0.23,      0.23,      0.23,      0.23,      0.23,      0.23,      0.23,      0.23,      0.23,      0.24
 74.,    780.00,      0.23,      0.23,      0.23,      0.23,      0.23,      0.23,      0.23,      0.23,      0.23,      0.24
 74.,    840.00,      0.22,      0.22,      0.22,      0.22,      0.22,      0.22,      0.22,      0.22,      0.22,      0.23
 74.,    900.00,      0.21,      0.21,      0.21,      0.21,      0.21,      0.21,      0.21,      0.21,      0.21,      0.23
 74.,    960.00,      0.21,      0.21,      0.21,      0.21,      0.21,      0.21,      0.21,      0.21,      0.21,      0.23
 74.,   1020.00,      0.20,      0.20,      0.20,      0.20,      0.20,      0.20,      0.20,      0.20,      0.20,      0.23
 74.,   1080.00,      0.20,      0.20,      0.20,      0.20,      0.20,      0.20,      0.20,      0.20,      0.20,      0.22
 74.,   1140.00,      0.20,      0.20,      0.20,      0.20,      0.20,      0.20,      0.20,      0.20,      0.20,      0.22
 74.,   1200.00,      0.20,      0.20,      0.20,      0.20,      0.20,      0.20,      0.20,      0.20,      0.20,      0.22
 74.,   1260.00,      0.20,      0.20,      0.20,      0.20,      0.20,      0.20,      0.20,      0.20,      0.20,      0.22
 74.,   1320.00,      0.21,      0.21,      0.21,      0.21,      0.21,      0.21,      0.21,      0.21,      0.21,      0.22
 74.,   1380.00,      0.21,      0.21,      0.21,      0.21,      0.21,      0.21,      0.21,      0.21,      0.21,      0.22
105.,      0.00,      0.21,      0.21,      0.21,      0.21,      0.21,      0.21,      0.21,      0.21,      0.21,      0.22
105.,     60.00,      0.27,      0.27,      0.27,      0.27,      0.27,      0.27,      0.27,      0.27,      0.27,      0.26
105.,    120.00,      0.25,      0.25,      0.25,      0.25,      0.25,      0.25,      0.25,      0.25,      0.25,      0.26
105.,    180.00,      0.25,      0.25,      0.25,      0.25,      0.25,      0.25,      0.25,      0.25,      0.25,      0.25
105.,    240.00,      0.25,      0.25,      0.25,      0.25,      0.25,      0.25,      0.25,      0.25,      0.25,      0.25
105.,    300.00,      0.24,      0.24,      0.24,      0.24,      0.24,      0.24,      0.24,      0.24,      0.24,      0.25
105.,    360.00,      0.24,      0.24,      0.24,      0.24,      0.24,      0.24,      0.24,      0.24,      0.24,      0.25
105.,    420.00,      0.25,      0.25,      0.25,      0.25,      0.25,      0.25,      0.25,      0.25,      0.25,      0.25
105.,    480.00,      0.25,      0.25,      0.25,      0.25,      0.25,      0.25,      0.25,      0.25,      0.25,      0.25
105.,    540.00,      0.25,      0.25,      0.25,      0.25,      0.25,      0.25,      0.25,      0.25,      0.25,      0.25
105.,    600.00,      0.25,      0.25,      0.25,      0.25,      0.25,      0.25,      0.25,      0.25,      0.25,      0.25
105.,    660.00,      0.25,      0.25,      0.25,      0.25,      0.25,      0.25,      0.25,      0.25,      0.25,      0.25
105.,    720.00,      0.24,      0.24,      0.24,      0.24,      0.24,      0.24,      0.24,      0.24,      0.24,      0.25
105.,    780.00,      0.23,      0.23,      0.23,      0.23,      0.23,      0.23,      0.23,      0.23,      0.23,      0.24
105.,    840.00,      0.23,      0.23,      0.23,      0.23,      0.23,      0.23,      0.23,      0.23,      0.23,      0.24
105.,    900.00,      0.22,      0.22,      0.22,      0.22,      0.22,      0.22,      0.22,      0.22,      0.22,      0.24
105.,    960.00,      0.21,      0.21,      0.21,      0.21,      0.21,      0.21,      0.21,      0.21,      0.21,      0.24
105.,   1020.00,      0.21,      0.21,      0.21,      0.21,      0.21,      0.21,      0.21,      0.21,      0.21,      0.23
105.,   1080.00,      0.21,      0.21,      0.21,      0.21,      0.21,      0.21,      0.21,      0.21,      0.21,      0.23
105.,   1140.00,      0.21,      0.21,      0.21,      0.21,      0.21,      0.21,      0.21,      0.21,      0.21,      0.23
105.,   1200.00,      0.21,      0.21,      0.21,      0.21,      0.21,      0.21,      0.21,      0.21,      0.21,      0.23
105.,   1260.00,      0.21,      0.21,      0.21,      0.21,      0.21,      0.21,      0.21,      0.21,      0.21,      0.22
105.,   1320.00,      0.21,      0.21,      0.21,      0.21,      0.21,      0.21,      0.21,      0.21,      0.21,      0.22
105.,   1380.00,      0.21,      0.21,      0.21,      0.21,      0.21,      0.21,      0.21,      0.21,      0.21,      0.22
135.,      0.00,      0.22,      0.22,      0.22,      0.22,      0.22,      0.22,      0.22,      0.22,      0.22,      0.23
135.,     60.00,      0.27,      0.27,      0.27,      0.27,      0.27,      0.27,      0.27,      0.27,      0.27,      0.26
135.,    120.00,      0.26,      0.26,      0.26,      0.26,      0.26,      0.26,      0.26,      0.26,      0.26,      0.26
135.,    180.00,      0.25,      0.25,      0.25,      0.25,      0.25,      0.25,      0.25,      0.25,      0.25,      0.25
135.,    240.00,      0.25,      0.25,      0.25,      0.25,      0.25,      0.25,      0.25,      0.25,      0.25,      0.25
135.,    300.00,      0.25,      0.25,      0.25,      0.25,      0.25,      0.25,      0.25,      0.25,      0.25,      0.25
135.,    360.00,      0.25,      0.25,      0.25,      0.25,      0.25,      0.25,      0.25,      0.25,      0.25,      0.25
135.,    420.00,      0.25,      0.25,      0.25,      0.25,      0.25,      0.25,      0.25,      0.25,      0.25,      0.25
135.,    480.00,      0.25,      0.25,      0.25,      0.25,      0.25,      0.25,      0.25,      0.25,      0.25,      0.25
135.,    540.00,      0.26,      0.26,      0.26,      0.26,      0.26,      0.26,      0.26,      0.26,      0.26,      0.25
135.,    600.00,      0.25,      0.25,      0.25,      0.25,      0.25,      0.25,      0.25,      0.25,      0.25,      0.25
135.,    660.00,      0.25,      0.25,      0.25,      0.25,      0.25,      0.25,      0.25,      0.25,      0.25,      0.25
135.,    720.00,      0.24,      0.24,      0.24,      0.24,      0.24,      0.24,      0.24,      0.24,      0.24,      0.25
135.,    780.00,      0.23,      0.23,      0.23,      0.23,      0.23,      0.23,      0.23,      0.23,      0.23,      0.25
135.,    840.00,      0.23,      0.23,      0.23,      0.23,      0.23,      0.23,      0.23,      0.23,      0.23,      0.25
135.,    900.00,      0.22,      0.22,      0.22,      0.22,      0.22,      0.22,      0.22,      0.22,      0.22,      0.24
135.,    960.00,      0.21,      0.21,      0.21,      0.21,      0.21,      0.21,      0.21,      0.21,      0.21,      0.24
135.,   1020.00,      0.20,      0.20,      0.20,      0.20,      0.20,      0.20,      0.20,      0.20,      0.20,      0.24
135.,   1080.00,      0.20,      0.20,      0.20,      0.20,      0.20,      0.20,      0.20,      0.20,      0.20,      0.24
135.,   1140.00,      0.19,      0.19,      0.19,      0.19,      0.19,      0.19,      0.19,      0.19,      0.19,      0.23
135.,   1200.00,      0.20,      0.20,      0.20,      0.20,      0.20,      0.20,      0.20,      0.20,      0.20,      0.23
135.,   1260.00,      0.20,      0.20,      0.20,      0.20,      0.20,      0.20,      0.20,      0.20,      0.20,      0.23
135.,   1320.00,      0.20,      0.20,      0.20,      0.20,      0.20,      0.20,      0.20,      0.20,      0.20,      0.23
135.,   1380.00,      0.21,      0.21,      0.21,      0.21,      0.21,      0.21,      0.21,      0.21,      0.21,      0.22
166.,      0.00,      0.22,      0.22,      0.22,      0.22,      0.22,      0.22,      0.22,      0.22,      0.22,      0.23
166.,     60.00,      0.26,      0.26,      0.26,      0.26,      0.26,      0.26,      0.26,      0.26,      0.26,      0.26
166.,    120.00,      0.25,      0.25,      0.25,      0.25,      0.25,      0.25,      0.25,      0.25,      0.25,      0.26
166.,    180.00,      0.25,      0.25,      0.25,      0.25,      0.25,      0.25,      0.25,      0.25,      0.25,      0.25
166.,    240.00,      0.25,      0.25,      0.25,      0.25,      0.25,      0.25,      0.25,      0.25,      0.25,      0.25
166.,    300.00,      0.25,      0.25,      0.25,      0.25,      0.25,      0.25,      0.25,      0.25,      0.25,      0.25
166.,    360.00,      0.25,      0.25,      0.25,      0.25,      0.25,      0.25,      0.25,      0.25,      0.25,      0.25
166.,    420.00,      0.25,      0.25,      0.25,      0.25,      0.25,      0.25,      0.25,      0.25,      0.25,      0.25
166.,    480.00,      0.26,      0.26,      0.26,      0.26,      0.26,      0.26,      0.26,      0.26,      0.26,      0.25
166.,    540.00,      0.26,      0.26,      0.26,      0.26,      0.26,      0.26,      0.26,      0.26,      0.26,      0.25
166.,    600.00,      0.26,      0.26,      0.26,      0.26,      0.26,      0.26,      0.26,      0.26,      0.26,      0.25
166.,    660.00,      0.25,      0.25,      0.25,      0.25,      0.25,      0.25,      0.25,      0.25,      0.25,      0.25
166.,    720.00,      0.24,      0.24,      0.24,      0.24,      0.24,      0.24,      0.24,      0.24,      0.24,      0.25
166.,    780.00,      0.23,      0.23,      0.23,      0.23,      0.23,      0.23,      0.23,      0.23,      0.23,      0.25
166.,    840.00,      0.22,      0.22,      0.22,      0.22,      0.22,      0.22,      0.22,      0.22,      0.22,      0.25
166.,    900.00,      0.20,      0.20,      0.20,      0.20,      0.20,      0.20,      0.20,      0.20,      0.20,      0.25
166.,    960.00,      0.19,      0.19,      0.19,      0.19,      0.19,      0.19,      0.19,      0.19,      0.19,      0.24
166.,   1020.00,      0.18,      0.18,      0.18,      0.18,      0.18,      0.18,      0.18,      0.18,      0.18,      0.24
166.,   1080.00,      0.17,      0.17,      0.17,      0.17,      0.17,      0.17,      0.17,      0.17,      0.17,      0.24
166.,   1140.00,      0.17,      0.17,      0.17,      0.17,      0.17,      0.17,      0.17,      0.17,      0.17,      0.24
166.,   1200.00,      0.17,      0.17,      0.17,      0.17,      0.17,      0.17,      0.17,      0.17,      0.17,      0.23
166.,   1260.00,      0.18,      0.18,      0.18,      0.18,      0.18,      0.18,      0.18,      0.18,      0.18,      0.23
166.,   1320.00,      0.18,      0.18,      0.18,      0.18,      0.18,      0.18,      0.18,      0.18,      0.18,      0.23
166.,   1380.00,      0.19,      0.19,      0.19,      0.19,      0.19,      0.19,      0.19,      0.19,      0.19,      0.23
196.,      0.00,      0.20,      0.20,      0.20,      0.20,      0.20,      0.20,      0.20,      0.20,      0.20,      0.23
196.,     60.00,      0.26,      0.26,      0.26,      0.26,      0.26,      0.26,      0.26,      0.26,      0.26,      0.26
196.,    120.00,      0.25,      0.25,      0.25,      0.25,      0.25,      0.25,      0.25,      0.25,      0.25,      0.26
196.,    180.00,      0.25,      0.25,      0.25,      0.25,      0.25,      0.25,      0.25,      0.25,      0.25,      0.26
196.,    240.00,      0.25,      0.25,      0.25,      0.25,      0.25,      0.25,      0.25,      0.25,      0.25,      0.25
196.,    300.00,      0.25,      0.25,      0.25,      0.25,      0.25,      0.25,      0.25,      0.25,      0.25,      0.25
196.,    360.00,      0.25,      0.25,      0.25,      0.25,      0.25,      0.25,      0.25,      0.25,      0.25,      0.25
196.,    420.00,      0.26,      0.26,      0.26,      0.26,      0.26,      0.26,      0.26,      0.26,      0.26,      0.25
196.,    480.00,      0.26,      0.26,      0.26,      0.26,      0.26,      0.26,      0.26,      0.26,      0.26,      0.25
196.,    540.00,      0.26,      0.26,      0.26,      0.26,      0.26,      0.26,      0.26,      0.26,      0.26,      0.26
196.,    600.00,      0.26,      0.26,      0.26,      0.26,      0.26,      0.26,      0.26,      0.26,      0.26,      0.26
196.,    660.00,      0.25,      0.25,      0.25,      0.25,      0.25,      0.25,      0.25,      0.25,      0.25,      0.26
196.,    720.00,      0.24,      0.24,      0.24,      0.24,      0.24,      0.24,      0.24,      0.24,      0.24,      0.26
196.,    780.00,      0.22,      0.22,      0.22,      0.22,      0.22,      0.22,      0.22,      0.22,      0.22,      0.25
196.,    840.00,      0.20,      0.20,      0.20,      0.20,      0.20,      0.20,      0.20,      0.20,      0.20,      0.25
196.,    900.00,      0.18,      0.18,      0.18,      0.18,      0.18,      0.18,      0.18,      0.18,      0.18,      0.25
196.,    960.00,      0.16,      0.16,      0.16,      0.16,      0.16,      0.16,      0.16,      0.16,      0.16,      0.25
196.,   1020.00,      0.15,      0.15,      0.15,      0.15,      0.15,      0.15,      0.15,      0.15,      0.15,      0.24
196.,   1080.00,      0.14,      0.14,      0.14,      0.14,      0.14,      0.14,      0.14,      0.14,      0.14,      0.24
196.,   1140.00,      0.14,      0.14,      0.14,      0.14,      0.14,      0.14,      0.14,      0.14,      0.14,      0.24
196.,   1200.00,      0.14,      0.14,      0.14,      0.14,      0.14,      0.14,      0.14,      0.14,      0.14,      0.23
196.,   1260.00,      0.15,      0.15,      0.15,      0.15,      0.15,      0.15,      0.15,      0.15,      0.15,      0.23
196.,   1320.00,      0.15,      0.15,      0.15,      0.15,      0.15,      0.15,      0.15,      0.15,      0.15,      0.23
196.,   1380.00,      0.16,      0.16,      0.16,      0.16,      0.16,      0.16,      0.16,      0.16,      0.16,      0.23
227.,      0.00,      0.17,      0.17,      0.17,      0.17,      0.17,      0.17,      0.17,      0.17,      0.17,      0.23
227.,     60.00,      0.26,      0.26,      0.26,      0.26,      0.26,      0.26,      0.26,      0.26,      0.26,      0.26
227.,    120.00,      0.25,      0.25,      0.25,      0.25,      0.25,      0.25,      0.25,      0.25,      0.25,      0.26
227.,    180.00,      0.25,      0.25,      0.25,      0.25,      0.25,      0.25,      0.25,      0.25,      0.25,      0.25
227.,    240.00,      0.25,      0.25,      0.25,      0.25,      0.25,      0.25,      0.25,      0.25,      0.25,      0.25
227.,    300.00,      0.25,      0.25,      0.25,      0.25,      0.25,      0.25,      0.25,      0.25,      0.25,      0.25
227.,    360.00,      0.25,      0.25,      0.25,      0.25,      0.25,      0.25,      0.25,      0.25,      0.25,      0.25
227.,    420.00,      0.25,      0.25,      0.25,      0.25,      0.25,      0.25,      0.25,      0.25,      0.25,      0.25
227.,    480.00,      0.26,      0.26,      0.26,      0.26,      0.26,      0.26,      0.26,      0.26,      0.26,      0.25
227.,    540.00,      0.26,      0.26,      0.26,      0.26,      0.26,      0.26,      0.26,      0.26,      0.26,      0.25
227.,    600.00,      0.26,      0.26,      0.26,      0.26,      0.26,      0.26,      0.26,      0.26,      0.26,      0.26
227.,    660.00,      0.25,      0.25,      0.25,      0.25,      0.25,      0.25,      0.25,      0.25,      0.25,      0.26
227.,    720.00,      0.24,      0.24,      0.24,      0.24,      0.24,      0.24,      0.24,      0.24,      0.24,      0.25
227.,    780.00,      0.22,      0.22,      0.22,      0.22,      0.22,      0.22,      0.22,      0.22,      0.22,      0.25
227.,    840.00,      0.21,      0.21,      0.21,      0.21,      0.21,      0.21,      0.21,      0.21,      0.21,      0.25
227.,    900.00,      0.19,      0.19,      0.19,      0.19,      0.19,      0.19,      0.19,      0.19,      0.19,      0.25
227.,    960.00,      0.17,      0.17,      0.17,      0.17,      0.17,      0.17,      0.17,      0.17,      0.17,      0.25
227.,   1020.00,      0.16,      0.16,      0.16,      0.16,      0.16,      0.16,      0.16,      0.16,      0.16,      0.24
227.,   1080.00,      0.15,      0.15,      0.15,      0.15,      0.15,      0.15,      0.15,      0.15,      0.15,      0.24
227.,   1140.00,      0.15,      0.15,      0.15,      0.15,      0.15,      0.15,      0.15,      0.15,      0.15,      0.24
227.,   1200.00,      0.16,      0.16,      0.16,      0.16,      0.16,      0.16,      0.16,      0.16,      0.16,      0.23
227.,   1260.00,      0.16,      0.16,      0.16,      0.16,      0.16,      0.16,      0.16,      0.16,      0.16,      0.23
227.,   1320.00,      0.17,      0.17,      0.17,      0.17,      0.17,      0.17,      0.17,      0.17,      0.17,      0.23
227.,   1380.00,      0.17,      0.17,      0.17,      0.17,      0.17,      0.17,      0.17,      0.17,      0.17,      0.23
258.,      0.00,      0.18,      0.18,      0.18,      0.18,      0.18,      0.18,      0.18,      0.18,      0.18,      0.23
258.,     60.00,      0.27,      0.27,      0.27,      0.27,      0.27,      0.27,      0.27,      0.27,      0.27,      0.26
258.,    120.00,      0.26,      0.26,      0.26,      0.26,      0.26,      0.26,      0.26,      0.26,      0.26,      0.26
258.,    180.00,      0.25,      0.25,      0.25,      0.25,      0.25,      0.25,      0.25,      0.25,      0.25,      0.26
258.,    240.00,      0.25,      0.25,      0.25,      0.25,      0.25,      0.25,      0.25,      0.25,      0.25,      0.25
258.,    300.00,      0.25,      0.25,      0.25,      0.25,      0.25,      0.25,      0.25,      0.25,      0.25,      0.25
258.,    360.00,      0.25,      0.25,      0.25,      0.25,      0.25,      0.25,      0.25,      0.25,      0.25,      0.25
258.,    420.00,      0.25,      0.25,      0.25,      0.25,      0.25,      0.25,      0.25,      0.25,      0.25,      0.25
258.,    480.00,      0.25,      0.25,      0.25,      0.25,      0.25,      0.25,      0.25,      0.25,      0.25,      0.25
258.,    540.00,      0.26,      0.26,      0.26,      0.26,      0.26,      0.26,      0.26,      0.26,      0.26,      0.25
258.,    600.00,      0.26,      0.26,      0.26,      0.26,      0.26,      0.26,      0.26,      0.26,      0.26,      0.25
258.,    660.00,      0.26,      0.26,      0.26,      0.26,      0.26,      0.26,      0.26,      0.26,      0.26,      0.25
258.,    720.00,      0.25,      0.25,      0.25,      0.25,      0.25,      0.25,      0.25,      0.25,      0.25,      0.25
258.,    780.00,      0.24,      0.24,      0.24,      0.24,      0.24,      0.24,      0.24,      0.24,      0.24,      0.25
258.,    840.00,      0.23,      0.23,      0.23,      0.23,      0.23,      0.23,      0.23,      0.23,      0.23,      0.25
258.,    900.00,      0.22,      0.22,      0.22,      0.22,      0.22,      0.22,      0.22,      0.22,      0.22,      0.25
258.,    960.00,      0.21,      0.21,      0.21,      0.21,      0.21,      0.21,      0.21,      0.21,      0.21,      0.24
258.,   1020.00,      0.21,      0.21,      0.21,      0.21,      0.21,      0.21,      0.21,      0.21,      0.21,      0.24
258.,   1080.00,      0.20,      0.20,      0.20,      0.20,      0.20,      0.20,      0.20,      0.20,      0.20,      0.24
258.,   1140.00,      0.20,      0.20,      0.20,      0.20,      0.20,      0.20,      0.20,      0.20,      0.20,      0.23
258.,   1200.00,      0.21,      0.21,      0.21,      0.21,      0.21,      0.21,      0.21,      0.21,      0.21,      0.23
258.,   1260.00,      0.21,      0.21,      0.21,      0.21,      0.21,      0.21,      0.21,      0.21,      0.21,      0.23
258.,   1320.00,      0.21,      0.21,      0.21,      0.21,      0.21,      0.21,      0.21,      0.21,      0.21,      0.23
258.,   1380.00,      0.21,      0.21,      0.21,      0.21,      0.21,      0.21,      0.21,      0.21,      0.21,      0.23
288.,      0.00,      0.21,      0.21,      0.21,      0.21,      0.21,      0.21,      0.21,      0.21,      0.21,      0.23
288.,     60.00,      0.27,      0.27,      0.27,      0.27,      0.27,      0.27,      0.27,      0.27,      0.27,      0.27
288.,    120.00,      0.26,      0.26,      0.26,      0.26,      0.26,      0.26,      0.26,      0.26,      0.26,      0.26
288.,    180.00,      0.25,      0.25,      0.25,      0.25,      0.25,      0.25,      0.25,      0.25,      0.25,      0.26
288.,    240.00,      0.25,      0.25,      0.25,      0.25,      0.25,      0.25,      0.25,      0.25,      0.25,      0.25
288.,    300.00,      0.25,      0.25,      0.25,      0.25,      0.25,      0.25,      0.25,      0.25,      0.25,      0.25
288.,    360.00,      0.25,      0.25,      0.25,      0.25,      0.25,      0.25,      0.25,      0.25,      0.25,      0.25
288.,    420.00,      0.25,      0.25,      0.25,      0.25,      0.25,      0.25,      0.25,      0.25,      0.25,      0.25
288.,    480.00,      0.25,      0.25,      0.25,      0.25,      0.25,      0.25,      0.25,      0.25,      0.25,      0.25
288.,    540.00,      0.25,      0.25,      0.25,      0.25,      0.25,      0.25,      0.25,      0.25,      0.25,      0.25
288.,    600.00,      0.26,      0.26,      0.26,      0.26,      0.26,      0.26,      0.26,      0.26,      0.26,      0.25
288.,    660.00,      0.26,      0.26,      0.26,      0.26,      0.26,      0.26,      0.26,      0.26,      0.26,      0.25
288.,    720.00,      0.25,      0.25,      0.25,      0.25,      0.25,      0.25,      0.25,      0.25,      0.25,      0.25
288.,    780.00,      0.25,      0.25,      0.25,      0.25,      0.25,      0.25,      0.25,      0.25,      0.25,      0.25
288.,    840.00,      0.24,      0.24,      0.24,      0.24,      0.24,      0.24,      0.24,      0.24,      0.24,      0.25
288.,    900.00,      0.24,      0.24,      0.24,      0.24,      0.24,      0.24,      0.24,      0.24,      0.24,      0.25
288.,    960.00,      0.23,      0.23,      0.23,      0.23,      0.23,      0.23,      0.23,      0.23,      0.23,      0.24
288.,   1020.00,      0.23,      0.23,      0.23,      0.23,      0.23,      0.23,      0.23,      0.23,      0.23,      0.24
288.,   1080.00,      0.22,      0.22,      0.22,      0.22,      0.22,      0.22,      0.22,      0.22,      0.22,      0.24
288.,   1140.00,      0.23,      0.23,      0.23,      0.23,      0.23,      0.23,      0.23,      0.23,      0.23,      0.24
288.,   1200.00,      0.23,      0.23,      0.23,      0.23,      0.23,      0.23,      0.23,      0.23,      0.23,      0.24
288.,   1260.00,      0.23,      0.23,      0.23,      0.23,      0.23,      0.23,      0.23,      0.23,      0.23,      0.23
288.,   1320.00,      0.23,      0.23,      0.23,      0.23,      0.23,      0.23,      0.23,      0.23,      0.23,      0.23
288.,   1380.00,      0.23,      0.23,      0.23,      0.23,      0.23,      0.23,      0.23,      0.23,      0.23,      0.23
319.,      0.00,      0.23,      0.23,      0.23,      0.23,      0.23,      0.23,      0.23,      0.23,      0.23,      0.23
319.,     60.00,      0.28,      0.28,      0.28,      0.28,      0.28,      0.28,      0.28,      0.28,      0.28,      0.27
319.,    120.00,      0.26,      0.26,      0.26,      0.26,      0.26,      0.26,      0.26,      0.26,      0.26,      0.26
319.,    180.00,      0.26,      0.26,      0.26,      0.26,      0.26,      0.26,      0.26,      0.26,      0.26,      0.26
319.,    240.00,      0.25,      0.25,      0.25,      0.25,      0.25,      0.25,      0.25,      0.25,      0.25,      0.26
319.,    300.00,      0.25,      0.25,      0.25,      0.25,      0.25,      0.25,      0.25,      0.25,      0.25,      0.25
319.,    360.00,      0.25,      0.25,      0.25,      0.25,      0.25,      0.25,      0.25,      0.25,      0.25,      0.25
319.,    420.00,      0.25,      0.25,      0.25,      0.25,      0.25,      0.25,      0.25,      0.25,      0.25,      0.25
319.,    480.00,      0.25,      0.25,      0.25,      0.25,      0.25,      0.25,      0.25,      0.25,      0.25,      0.25
319.,    540.00,      0.25,      0.25,      0.25,      0.25,      0.25,      0.25,      0.25,      0.25,      0.25,      0.25
319.,    600.00,      0.25,      0.25,      0.25,      0.25,      0.25,      0.25,      0.25,      0.25,      0.25,      0.25
319.,    660.00,      0.25,      0.25,      0.25,      0.25,      0.25,      0.25,      0.25,      0.25,      0.25,      0.25
319.,    720.00,      0.25,      0.25,      0.25,      0.25,      0.25,      0.25,      0.25,      0.25,      0.25,      0.25
319.,    780.00,      0.25,      0.25,      0.25,      0.25,      0.25,      0.25,      0.25,      0.25,      0.25,      0.25
319.,    840.00,      0.25,      0.25,      0.25,      0.25,      0.25,      0.25,      0.25,      0.25,      0.25,      0.25
319.,    900.00,      0.24,      0.24,      0.24,      0.24,      0.24,      0.24,      0.24,      0.24,      0.24,      0.25
319.,    960.00,      0.24,      0.24,      0.24,      0.24,      0.24,      0.24,      0.24,      0.24,      0.24,      0.25
319.,   1020.00,      0.24,      0.24,      0.24,      0.24,      0.24,      0.24,      0.24,      0.24,      0.24,      0.24
319.,   1080.00,      0.23,      0.23,      0.23,      0.23,      0.23,      0.23,      0.23,      0.23,      0.23,      0.24
319.,   1140.00,      0.23,      0.23,      0.23,      0.23,      0.23,      0.23,      0.23,      0.23,      0.23,      0.24
319.,   1200.00,      0.23,      0.23,      0.23,      0.23,      0.23,      0.23,      0.23,      0.23,      0.23,      0.24
319.,   1260.00,      0.23,      0.23,      0.23,      0.23,      0.23,      0.23,      0.23,      0.23,      0.23,      0.24
319.,   1320.00,      0.23,      0.23,      0.23,      0.23,      0.23,      0.23,      0.23,      0.23,      0.23,      0.24
319.,   1380.00,      0.23,      0.23,      0.23,      0.23,      0.23,      0.23,      0.23,      0.23,      0.23,      0.24
349.,      0.00,      0.23,      0.23,      0.23,      0.23,      0.23,      0.23,      0.23,      0.23,      0.23,      0.24
349.,     60.00,      0.27,      0.27,      0.27,      0.27,      0.27,      0.27,      0.27,      0.27,      0.27,      0.27
349.,    120.00,      0.26,      0.26,      0.26,      0.26,      0.26,      0.26,      0.26,      0.26,      0.26,      0.26
349.,    180.00,      0.26,      0.26,      0.26,      0.26,      0.26,      0.26,      0.26,      0.26,      0.26,      0.26
349.,    240.00,      0.25,      0.25,      0.25,      0.25,      0.25,      0.25,      0.25,      0.25,      0.25,      0.26
349.,    300.00,      0.25,      0.25,      0.25,      0.25,      0.25,      0.25,      0.25,      0.25,      0.25,      0.25
349.,    360.00,      0.25,      0.25,      0.25,      0.25,      0.25,      0.25,      0.25,      0.25,      0.25,      0.25
349.,    420.00,      0.25,      0.25,      0.25,      0.25,      0.25,      0.25,      0.25,      0.25,      0.25,      0.25
349.,    480.00,      0.25,      0.25,      0.25,      0.25,      0.25,      0.25,      0.25,      0.25,      0.25,      0.25
349.,    540.00,      0.25,      0.25,      0.25,      0.25,      0.25,      0.25,      0.25,      0.25,      0.25,      0.25
349.,    600.00,      0.25,      0.25,      0.25,      0.25,      0.25,      0.25,      0.25,      0.25,      0.25,      0.25
349.,    660.00,      0.25,      0.25,      0.25,      0.25,      0.25,      0.25,      0.25,      0.25,      0.25,      0.25
349.,    720.00,      0.25,      0.25,      0.25,      0.25,      0.25,      0.25,      0.25,      0.25,      0.25,      0.25
349.,    780.00,      0.25,      0.25,      0.25,      0.25,      0.25,      0.25,      0.25,      0.25,      0.25,      0.25
349.,    840.00,      0.25,      0.25,      0.25,      0.25,      0.25,      0.25,      0.25,      0.25,      0.25,      0.25
349.,    900.00,      0.24,      0.24,      0.24,      0.24,      0.24,      0.24,      0.24,      0.24,      0.24,      0.25
349.,    960.00,      0.24,      0.24,      0.24,      0.24,      0.24,      0.24,      0.24,      0.24,      0.24,      0.25
349.,   1020.00,      0.24,      0.24,      0.24,      0.24,      0.24,      0.24,      0.24,      0.24,      0.24,      0.24
349.,   1080.00,      0.24,      0.24,      0.24,      0.24,      0.24,      0.24,      0.24,      0.24,      0.24,      0.24
349.,   1140.00,      0.24,      0.24,      0.24,      0.24,      0.24,      0.24,      0.24,      0.24,      0.24,      0.24
349.,   1200.00,      0.24,      0.24,      0.24,      0.24,      0.24,      0.24,      0.24,      0.24,      0.24,      0.24
349.,   1260.00,      0.24,      0.24,      0.24,      0.24,      0.24,      0.24,      0.24,      0.24,      0.24,      0.24
349.,   1320.00,      0.24,      0.24,      0.24,      0.24,      0.24,      0.24,      0.24,      0.24,      0.24,      0.24
349.,   1380.00,      0.24,      0.24,      0.24,      0.24,      0.24,      0.24,      0.24,      0.24,      0.24,      0.24
